,year,회사명,거래소코드,회계년도,시가총액(백만원),PER(최고),PER(최저),1주당순이익(원),1Y_EPS,3Y_EPS_mean,PEG,조건,flag1,flag2,flag3,pf_ratio
0,2011,성문전자(주),014910,2010/12,27788.39244,16.36,5.49,279.0,1.6826923076923077,4.186305187640761,0.03907980729235811,True,True,True,True,0.0009226227463447749
1,2011,(주)세원정공,021820,2010/06,118000.0,2.58,0.83,42957.0,1.8807001072961373,0.6160059041169166,0.041882715453816846,True,True,True,True,0.003917804324368591
2,2011,기아(주),000270,2010/12,26934445.3591,14.93,5.14,3625.0,-0.08204608761711826,3.5298219785362583,0.04229675063157477,True,True,True,True,0.8942702245961991
3,2011,(주)세아제강지주,003030,2010/12,397200.0,3.3,1.92,17075.0,6.375809935205184,0.6548168690771237,0.05039576950195107,True,True,True,True,0.013187727776603425
4,2011,일신방직(주),003200,2010/12,196800.0,5.69,3.0,20397.0,0.3865134933043301,0.9343798920814874,0.060896002238710153,True,True,True,True,0.00653410077148931
5,2011,무림피앤피(주),009580,2010/12,324938.96804,6.74,2.75,987.0,3.91044776119403,0.8908399328031358,0.07565893435863134,True,True,True,True,0.010788536391042196
6,2011,(주)마니커,027740,2010/12,49351.1235,13.27,6.94,121.0,-0.17123287671232876,1.7219368173797398,0.07706438393130402,True,True,True,True,0.0016385427547521048
7,2011,백광산업(주),001340,2010/12,103233.67285,5.38,4.03,8552.0,0.8787346221441125,0.665235151900819,0.08087365775286198,True,True,True,True,0.0034275366941710367
8,2011,(주)한국전자홀딩스,006200,2010/12,39396.937515,6.15,3.55,445.0,-0.2752442996742671,0.7363890099806552,0.08351564073670194,True,True,True,True,0.0013080465437554758
9,2011,세방전지(주),004490,2010/12,615300.0,5.6,3.39,6130.0,0.22087233618801036,0.6588030324200798,0.0850026445602213,True,True,True,True,0.020429025430372828
10,2011,(주)서연,007860,2010/12,354742.677,6.58,3.19,1620.0,0.07928047968021319,0.7682722496804877,0.0856467222750336,True,True,True,True,0.011778071135497375
11,2011,(주)금양,001570,2010/12,31679.41294,21.48,12.37,42.0,0.024390243902439025,2.4760266448864496,0.08675189358063258,True,True,True,True,0.001051811364489748
12,2011,한국유나이티드제약(주),033270,2010/12,87489.8206,6.28,4.52,1145.0,0.20399579390115669,0.6146517249463901,0.10217168105316457,True,True,True,True,0.002904813538007731
13,2011,(주)태경비케이,014580,2010/12,54200.7915,7.71,5.08,3403.0,0.07553729456384324,0.7518062832017731,0.1025530136189452,True,True,True,True,0.0017995601298550876
14,2011,만호제강(주),001080,2010/06,59967.5,7.91,5.23,3132.0,-0.47921516461589625,0.7574459615105089,0.10442989205759012,True,True,True,True,0.0019910248374709616
15,2011,삼영전자공업(주),005680,2010/12,186000.0,15.27,10.36,951.0,0.3703170028818444,1.4333926603943126,0.10653047432096777,True,True,True,True,0.006175522070614897
16,2011,디아이동일(주),001530,2010/12,108473.603,9.75,6.23,8893.0,2.0361898258791395,0.8920292904097655,0.10930134363100574,True,True,True,True,0.003601511448417303
17,2011,조광피혁(주),004700,2010/12,74802.8025,5.6,2.72,4445.0,0.06979542719614922,0.5000140610060189,0.11199685042322421,True,True,True,True,0.002483582568723641
18,2011,대창단조(주),015230,2010/12,71600.0,5.1,2.39,5203.0,1.986796785304248,0.4343897435823145,0.11740608693799827,True,True,True,True,0.0023772439798711107
19,2011,사조산업(주),007160,2010/12,283500.0,12.37,6.01,4021.0,-0.4207721117833477,1.0380436805559592,0.11916646892330032,True,True,True,True,0.00941269089795335
20,2012,(주)신세계,004170,2011/12,2151172.0485,1.83,0.68,177233.0,4.970657593316265,0.7993242183365161,0.022894339468512995,True,True,True,True,0.05966343685666555
21,2012,(주)세이브존아이앤씨,067830,2011/12,110810.4165,7.6,4.73,455.0,0.4263322884012539,3.2327249558013698,0.023509578154371668,True,True,True,True,0.003073361934262117
22,2012,(주)삼양제넥스,003940,2011/12,168405.7188,11.86,8.06,7704.0,-0.36461855670103094,4.073271300841465,0.029116646361242712,True,True,True,True,0.0046707858522666065
23,2012,삼정펄프(주),009770,2011/12,85499.01675,4.66,3.02,10550.0,0.3751303441084463,0.8632287043817082,0.05398337632131624,True,True,True,True,0.0023713422600147803
24,2012,(주)콤텍시스템,031820,2011/12,31851.466,7.83,4.01,151.0,2.871794871794872,1.3259403192788062,0.05905243159253823,True,True,True,True,0.0008834104793283946
25,2012,대창단조(주),015230,2011/12,81500.0,4.89,2.39,9767.0,0.8771862387084375,0.6980068160438027,0.07005662247993197,True,True,True,True,0.0022604282661672203
26,2012,(주)비와이씨,001460,2011/12,114929.16,5.48,4.16,43648.0,0.252812858783008,0.7798733225524683,0.0702678222414938,True,True,True,True,0.0031875965873724545
27,2012,영풍제지(주),006740,2011/12,37074.0,7.68,4.67,2616.0,3.2193548387096773,0.9533356410995746,0.08055924554695039,True,True,True,True,0.0010282591109188161
28,2012,(주)우신시스템,017370,2011/12,32900.0,9.03,4.46,578.0,0.30180180180180183,0.7770386400561253,0.11621043709419347,True,True,True,True,0.0009124919013116753
29,2012,(주)엘엑스인터내셔널,001120,2011/12,1874046.0,9.45,5.17,6766.0,0.9680046538685282,0.7379063045540821,0.12806503944576877,True,True,True,True,0.05197725828831429
30,2012,(주)동원에프앤비,049770,2011/12,285575.176,8.52,4.64,9114.0,-0.015660438492277783,0.6521427550051524,0.13064624171026304,True,True,True,True,0.007920517790749431
31,2012,기아(주),000270,2011/12,22903029.1055,18.94,11.37,4530.0,0.2496551724137931,1.3992460368790454,0.13535861100057006,True,True,True,True,0.635222753017457
32,2012,에스케이씨(주),011790,2011/12,1524654.1523,18.91,8.76,3881.0,0.4767884322678843,1.3907918548003946,0.1359657085618606,True,True,True,True,0.04228676493236984
33,2012,현대하이스코(주),010520,2011/12,3645090.0,17.21,7.68,3214.0,0.7429501084598699,1.2346926207027202,0.1393869187474774,True,True,True,True,0.1010977235426193
34,2012,태림페이퍼(주),019300,2011/12,73624.95,5.72,2.89,384.0,0.5867768595041323,0.3741152822557712,0.15289404820649405,True,True,True,True,0.0020420112647257455
35,2012,경남에너지(주),008020,2011/12,120380.9304,4.17,3.23,949.0,0.4017725258493353,0.2702671696824417,0.15429177006218192,True,True,True,True,0.0033388031629898013
36,2012,(주)태경비케이,014580,2011/12,52959.552,6.74,4.16,3970.0,0.16661769027328827,0.41847316977897475,0.16106169969175968,True,True,True,True,0.001468849917844819
37,2012,화천기계(주),010660,2011/12,52690.0,5.84,2.69,7939.0,0.5805295640055743,0.35986899928820026,0.1622812748958976,True,True,True,True,0.0014613738079061452
38,2012,(주)벽산,007210,2011/12,134720.4,11.05,7.55,2425.0,-0.009799918334013884,0.6728640994196879,0.16422335519951323,True,True,True,True,0.003736512885758949
39,2012,한화솔루션(주),009830,2011/12,2574202.42685,19.59,7.42,2910.0,0.449203187250996,1.0765220287154,0.18197491066092253,True,True,True,True,0.071396318140957
40,2013,한국앤컴퍼니(주),000240,2012/12,2051094.81465,1.68,0.46,30887.0,15.78641304347826,1.3379381938655066,0.012556633839312298,True,True,True,True,0.2553809036918977
41,2013,하이트진로홀딩스(주),000140,2012/12,269198.474,2.19,1.05,9100.0,192.61702127659575,0.8411731070482997,0.026035069139154626,True,True,True,True,0.0335177823431488
42,2013,일진디스플레이(주),020760,2012/12,441705.264,10.33,4.47,2344.0,1.0688437775816417,3.542962998168165,0.02915638691496628,True,True,True,True,0.05499652608942754
43,2013,대창단조(주),015230,2012/12,98000.0,4.85,2.93,11345.0,0.1615644517251971,0.8674634756222246,0.05591013496586855,True,True,True,True,0.01220193644050368
44,2013,한국수출포장공업(주),002200,2012/12,88400.0,2.93,1.79,6379.0,2.047778308647874,0.3933800895259174,0.0744826715437249,True,True,True,True,0.011006644707556381
45,2013,일성신약(주),003120,2012/12,201096.0,6.57,5.26,26405.0,0.09464389354116574,0.8434422247728093,0.07789508050500679,True,True,True,True,0.025038373575913552
46,2013,(주)우진플라임,049800,2012/12,46950.0,8.13,4.36,876.0,-0.10703363914373089,1.0154565635872541,0.08006250874266393,True,True,True,True,0.005845723631445385
47,2013,(주)한화갤러리아타임월드,027390,2012/12,183000.0,3.42,2.64,6628.0,0.52088113813676,0.30577361362626854,0.11184745339668488,True,True,True,True,0.02278524865930789
48,2013,태림포장(주),011280,2012/12,153294.8601,4.48,2.68,484.0,0.9917695473251029,0.36572707820693195,0.12249571516455154,True,True,True,True,0.01908667489383779
49,2013,효성아이티엑스(주),094280,2012/12,66344.068,14.98,8.2,357.0,0.07530120481927711,1.1484334481098974,0.13043855544833027,True,True,True,True,0.008260470417759735
50,2013,한미반도체(주),042700,2012/12,284847.8192,7.68,4.5,1105.0,0.7238689547581904,0.5547896795959653,0.13843083753095564,True,True,True,True,0.03546627535810698
51,2013,(주)엘엑스인터내셔널,001120,2012/12,1114350.0,7.03,3.86,8730.0,0.2902749039314218,0.47907694001502343,0.14674052146570749,True,True,True,True,0.13874722318852323
52,2013,(주)방림,003610,2012/09,48661.2035,8.38,5.01,2099.0,1.8714090287277703,0.5231476258172607,0.16018423073045152,True,True,True,True,0.006058784818626687
53,2013,신대양제지(주),016590,2012/12,86180.832,4.29,2.59,5914.0,0.8383587193036991,0.25345475639439563,0.16926097821279082,True,True,True,True,0.010730337086262505
54,2013,(주)경동인베스트,012320,2012/12,341858.88,4.96,3.2,16337.0,0.137198941946262,0.2889465192384757,0.17165806368154837,True,True,True,True,0.04256469719777321
55,2013,화천기계(주),010660,2012/12,58410.0,5.85,4.2,6134.0,-0.22735860939664945,0.34006123868890814,0.17202783894319829,True,True,True,True,0.007272603137651224
56,2013,자화전자(주),033240,2012/12,372320.0,12.85,6.07,1703.0,1.4121813031161472,0.6487077665973433,0.1980861130644682,True,True,True,True,0.04635739770947275
57,2013,(주)세이브존아이앤씨,067830,2012/12,196996.296,7.02,4.67,514.0,0.12967032967032968,0.3455305245496867,0.2031658421249129,True,True,True,True,0.024527921253129074
58,2013,롯데칠성음료(주),005300,2012/12,1886734.575,25.08,18.4,64730.0,0.6806439049720888,1.1556564659080468,0.21701951003487538,True,True,True,True,0.23491648330868084
59,2013,영풍제지(주),006740,2012/12,42069.0,4.9,3.21,4452.0,0.7018348623853211,0.2186341647310437,0.22411867815937248,True,True,False,False,0.005237992490974993
60,2014,(주)종근당홀딩스,001630,2013/12,217728.81,2.3,1.02,35107.0,15.638388625592418,1.2174097315713235,0.018892571172659887,True,True,True,True,0.006590285888606314
61,2014,현대하이스코(주),010520,2013/12,1658137.965,2.7,1.34,19288.0,5.653328734046223,1.1869663136509976,0.022747065093153756,True,True,True,True,0.05018905505478072
62,2014,(주)삼익악기,002450,2013/12,289750.980295,5.5,2.25,512.0,9.666666666666666,2.052571313475552,0.02679565851812978,True,True,True,True,0.008770276182779783
63,2014,아세아제지(주),002310,2013/12,215851.6982,11.45,6.85,2147.0,-0.4437823834196891,2.8372151394049916,0.04035647435041265,True,True,True,True,0.0065334688628444215
64,2014,다스코(주),058730,2013/12,53826.75,6.0,4.51,657.0,0.07177814029363784,1.3597452564256542,0.04412591234752403,True,True,True,True,0.0016292454404841505
65,2014,자화전자(주),033240,2013/12,221065.0,14.35,7.84,2328.0,0.3669994128009395,1.8273652573760706,0.07852836176061094,True,True,True,True,0.006691266764213495
66,2014,한국석유공업(주),004090,2013/12,47108.88,5.02,2.93,10467.0,1.0896386504292275,0.5034552382377646,0.09971094982686875,True,True,True,True,0.0014259067832688205
67,2014,금호타이어(주),073240,2013/12,1527793.83786,31.01,22.91,465.0,-0.5600756859035004,2.8736554474978906,0.10791133650695875,True,True,True,True,0.04624375694860245
68,2014,인지컨트롤스(주),023800,2013/12,74284.6272,8.25,4.49,930.0,0.3818722139673105,0.7255787790485584,0.11370233306462067,True,True,True,True,0.002248471069935765
69,2014,진양화학(주),051630,2013/12,46920.0,7.37,5.24,298.0,0.5126903553299492,0.6130678614315619,0.12021507672560862,True,True,True,True,0.0014201897024716586
70,2014,(주)디알비동일,004840,2013/12,222250.0,5.91,3.55,1695.0,0.6220095693779905,0.4508602195029696,0.13108275568235342,True,True,True,True,0.006727134726648041
71,2014,(주)포스코인터내셔널,047050,2013/12,3581409.35195,36.34,26.33,1164.0,-0.5860597439544808,2.7541368488583586,0.13194696558039087,True,True,True,True,0.10840325409154063
72,2014,금강공업(주),014280,2013/12,292814.6292,7.21,5.15,2868.0,0.3149931224209078,0.4957744423789512,0.1454290375559325,True,True,True,True,0.008863007696566434
73,2014,(주)케이에스에스해운,044450,2013/12,145491.397,6.14,3.34,2274.0,0.9825632083696599,0.3665879451588856,0.1674905048320347,True,True,True,True,0.004403780558772719
74,2014,아세아(주),002030,2013/12,324271.552,22.75,9.92,7607.0,1.0592853275582026,1.192260066157333,0.1908140735881853,True,True,True,True,0.009815155987956159
75,2014,성보화학(주),003080,2013/12,86986.9,18.87,14.17,1743.0,0.17373737373737375,0.9670737138833378,0.19512473277994988,True,True,True,True,0.0026329475624452666
76,2014,텔코웨어(주),078000,2013/12,119343.2838,12.15,7.65,1991.0,0.8818525519848771,0.6215043813527488,0.19549339255750145,True,True,True,True,0.0036123210296656588
77,2014,깨끗한나라(주),004540,2013/12,112091.6408,12.46,8.59,670.0,0.1672473867595819,0.6185988913239355,0.20142292808402718,True,True,True,True,0.003392825959021995
78,2014,(주)노루홀딩스,000320,2013/12,331285.1361,13.88,5.68,1869.0,0.36125273124544793,0.620745882847223,0.22360196633661966,True,True,True,True,0.010027445414985974
79,2014,네이버(주),035420,2013/12,23469427.448,16.02,4.67,51899.0,3.2554116103640536,0.6998716379794427,0.22889911707595947,True,True,True,True,0.7103802042744095
80,2015,에이치엘홀딩스(주),060980,2014/12,695693.3004,1.7,0.64,86158.0,18.00264666960741,1.1196476449028885,0.015183348151886194,True,True,True,True,0.1579173667921619
81,2015,대한제분(주),001130,2014/12,310960.0,16.33,9.28,14387.0,0.7398718103761035,1.1989945297365612,0.13619745207334658,True,True,True,True,0.07058567956519976
82,2015,(주)보락,002760,2014/12,46841.8,22.04,13.68,174.0,1.9,1.591292368939624,0.13850377485745505,True,True,True,True,0.01063275110965132
83,2015,한국석유공업(주),004090,2014/12,65454.48,9.06,4.93,9497.0,-0.09267220789146842,0.6334646335404459,0.143022980610038,True,True,True,True,0.014857695367207284
84,2015,(주)SH에너지화학,002360,2014/12,160032.5712,15.13,5.05,140.0,2.1818181818181817,0.6999170319086578,0.21616847869440806,True,True,True,True,0.036326240644192875
85,2015,진양화학(주),051630,2014/12,39600.0,11.37,4.35,437.0,0.4664429530201342,0.5177158675563629,0.2196185342679721,True,True,True,True,0.008988914686075093
86,2015,조광페인트(주),004910,2014/12,177920.0,9.34,4.79,1533.0,0.5453629032258065,0.4073209574725689,0.2293032025151567,True,True,True,True,0.040386558104709105
87,2015,한국지역난방공사,071320,2014/12,666935.6544,15.02,9.45,6105.0,-0.3874786796428213,0.649613694471348,0.2312143375028938,True,True,True,True,0.151389588346042
88,2015,태양금속공업(주),004100,2014/12,61656.0,6.34,3.08,2393.0,1.203499079189687,0.2348069049308963,0.2700090954252756,True,True,False,False,0.013995467774864795
89,2015,인천도시가스(주),034590,2014/12,143710.6689,7.23,4.74,5681.0,1.0695810564663024,0.24938062918839798,0.28991826765093287,True,True,False,False,0.032621286419719314
90,2015,금강공업(주),014280,2014/12,190839.3852,26.11,6.16,2933.0,0.022663877266387727,0.8735231685952618,0.29890449319150003,True,True,True,True,0.04331916546226822
91,2015,상신브레이크(주),041650,2014/12,158244.5865,11.62,6.36,929.0,0.17297979797979798,0.38722047425526296,0.3000874378439989,True,True,True,True,0.03592038099953865
92,2015,(주)동양고속,084670,2014/12,94676.4,8.91,4.58,4366.0,0.320229815542788,0.2916596614992655,0.30549305153131157,True,True,True,True,0.021490860666280805
93,2015,자화전자(주),033240,2014/12,272975.0,12.24,5.86,1891.0,-0.1877147766323024,0.3887655750343664,0.31484269148362737,True,True,True,True,0.06196335824321587
94,2015,(주)이수페타시스,007660,2014/12,190453.65677,10.33,5.49,691.0,0.0549618320610687,0.3105287635350653,0.33265839474588715,True,True,True,True,0.043231607887791866
95,2015,(주)경농,002100,2014/12,110411.0075,15.35,8.18,535.0,-0.3270440251572327,0.4324983531029398,0.35491464626101166,True,True,True,True,0.02506250320255296
96,2015,영화금속(주),012280,2014/12,75675.92499,8.88,5.68,157.0,1.453125,0.2269501241474321,0.39127539733053174,True,True,False,False,0.017177889735477982
97,2015,(주)보령,003850,2014/12,453456.0,17.01,10.9,2774.0,0.45923198316675434,0.4288127377654827,0.3966766493140592,True,True,True,True,0.10293124489618351
98,2015,(주)한국카본,017960,2014/12,266889.73437,16.56,9.35,577.0,-0.17216642754662842,0.40734904440655617,0.406530964719098,True,True,True,True,0.06058204678891852
99,2015,(주)노루페인트,090350,2014/12,223000.0,15.15,7.83,614.0,0.3036093418259023,0.3639056707162669,0.4163166781704889,True,True,True,True,0.050619393307948124
100,2016,에스케이(주),034730,2015/12,16147688.1615,3.4,2.11,117516.0,20.53096372297545,2.5059357603446215,0.013567785949678234,True,True,True,True,0.46483801632679217
101,2016,(주)화승코퍼레이션,013520,2015/12,216602.85955,4.31,2.29,12892.0,4.039874902267396,1.3091804484334175,0.03292135935239028,True,True,True,True,0.006235272972634608
102,2016,(주)농심,004370,2015/12,2022478.465,23.92,11.99,19919.0,0.6923534409515718,7.209593944060739,0.033178012777966906,True,True,True,True,0.05822040086058518
103,2016,한솔로지스틱스(주),009180,2015/12,45724.854375,4.33,1.3,1579.0,62.16,1.1230785469273363,0.038554738774474635,True,True,True,True,0.0013162658574979596
104,2016,엘지디스플레이(주),034220,2015/12,11253303.765,13.75,7.58,2706.0,-0.005147058823529412,2.2340440803587023,0.06154757697436424,True,True,True,True,0.3239450345416817
105,2016,디에스알제강(주),069730,2015/12,127008.0,6.64,4.54,685.0,0.3510848126232742,0.9970887877334651,0.0665938688879827,True,True,True,True,0.00365613617176448
106,2016,한국무브넥스(주),010100,2015/12,82825.1424,17.22,11.78,1121.0,10.8,2.1174629172585355,0.08132373823242493,True,True,True,True,0.002384259251859599
107,2016,한국석유공업(주),004090,2015/12,67485.6,5.51,2.87,23058.0,1.427924607770875,0.6635027930222266,0.08304411161409264,True,True,True,True,0.0019426850531716823
108,2016,CS홀딩스(주),000590,2015/12,93166.6974,10.69,7.88,9212.0,6.550819672131148,1.1561524916867487,0.09246185150199356,True,True,True,True,0.0026819580842779647
109,2016,일성신약(주),003120,2015/12,327180.0,4.57,2.66,73565.0,23.505329780146567,0.40711099256835515,0.11225439949850245,True,True,True,True,0.009418419569459425
110,2016,(주)에스제이엠홀딩스,025530,2015/12,77955.52176,8.77,5.4,822.0,0.4246100519930676,0.7010553641407842,0.12509710999428042,True,True,True,True,0.0022440791359245797
111,2016,(주)종근당홀딩스,001630,2015/12,345179.4229,11.91,4.18,14189.0,6.649056603773585,0.8875122452677418,0.13419533154054714,True,True,True,True,0.009936562844966289
112,2016,(주)국동,005320,2015/12,47253.27548,21.53,7.54,1187.0,0.11981132075471698,1.5814707552124014,0.1361390966544202,True,True,True,True,0.001360263996888224
113,2016,에스케이씨(주),011790,2015/12,1238640.315,6.31,3.77,6891.0,2.1785055350553506,0.45114864694798196,0.13986520945340553,True,True,True,True,0.035656318180565395
114,2016,(주)우진,105840,2015/12,118048.0,8.06,6.15,1106.0,6.788732394366197,0.5588012971127017,0.14423731730125927,True,True,True,True,0.003398207694038591
115,2016,영화금속(주),012280,2015/12,86584.16643,7.42,4.46,279.0,0.7770700636942676,0.5040540737697585,0.14720642855848246,True,True,True,True,0.002492469000273989
116,2016,(주)유니드,014830,2015/12,397375.9821,11.08,5.98,7141.0,0.36278625954198473,0.6986340562876814,0.15859518871547126,True,True,True,True,0.011439127471861966
117,2016,(주)SH에너지화학,002360,2015/12,175035.62475,22.07,10.6,114.0,-0.18571428571428572,1.2735841817127067,0.173290468874389,True,True,True,True,0.005038691098166013
118,2016,(주)신세계,004170,2015/12,1732751.856,7.41,3.95,40189.0,1.96313499963135,0.42050490246876415,0.1762167327062359,True,True,True,True,0.0498801393409363
119,2016,(주)SNT에너지,100840,2015/12,136024.5504,8.58,3.96,3815.0,1.39937106918239,0.4324295884508773,0.19841380490952837,True,True,True,True,0.003915692546654074
120,2017,일동홀딩스(주),000230,2016/12,158927.9844,2.73,1.5,15736.0,16.72072072072072,2.7558879942797043,0.009906062966515913,True,True,True,True,0.0036767585553029755
121,2017,(주)화승코퍼레이션,013520,2016/12,169150.3702,5.45,3.56,9652.0,-0.25131864722308406,2.068717774290654,0.026344821259481656,True,True,True,True,0.003913250854551928
122,2017,대한유화(주),006650,2016/12,1712750.0,6.75,3.66,43246.0,0.3658213056248618,1.2562834326101315,0.05372991336816236,True,True,True,True,0.03962403625371324
123,2017,(주)대현,016090,2016/12,122941.47165,4.31,2.67,1059.0,4.663101604278075,0.7458796166498567,0.057784123654679144,True,True,True,True,0.002844219722519024
124,2017,삼양통상(주),002170,2016/12,123450.0,7.59,5.42,7752.0,1.1343612334801763,1.2894284851066637,0.05886328778731875,True,True,True,True,0.0028559843967426064
125,2017,한국전력공사(주),015760,2016/12,24490929.53755,9.59,6.48,6639.0,-0.5807388695926744,1.5902783475605005,0.060303908524637434,True,True,True,True,0.5665914347587316
126,2017,성보화학(주),003080,2016/12,121321.2,1.84,0.14,3748.0,1.2979767014101777,0.2907260195959749,0.06328982877270731,True,True,True,True,0.002806735149405339
127,2017,동화약품(주),000020,2016/12,272331.8325,12.71,7.51,949.0,3.698019801980198,1.976148316863111,0.06431703476678077,True,True,True,True,0.0063003277793140635
128,2017,(주)에스제이엠홀딩스,025530,2016/12,71683.2384,16.37,12.66,419.0,-0.4902676399026764,2.182415567392524,0.07500862917486573,True,True,True,True,0.0016583735146081852
129,2017,디엘건설(주),001880,2016/12,227696.49,3.75,2.91,4935.0,0.870026525198939,0.4692392488501509,0.07991658858864005,True,True,True,True,0.0052677004668534545
130,2017,한국유리공업(주),002000,2016/12,342708.44,11.32,8.24,2706.0,-0.032880629020729094,1.3225122519390164,0.08559467016961887,True,True,True,True,0.007928472719902793
131,2017,아이에스동서(주),010780,2016/12,1072764.3228,8.94,5.1,7340.0,0.9204604918890633,1.0121348804751715,0.08832814847565472,True,True,True,True,0.02481813015227986
132,2017,(주)노루홀딩스,000320,2016/12,213987.5311,4.74,2.68,6689.0,5.895876288659794,0.5296214490774576,0.08949788586275273,True,True,True,True,0.004950547184439638
133,2017,엘지디스플레이(주),034220,2016/12,10698689.43,11.99,7.7,2703.0,-0.0011086474501108647,1.1318040395064415,0.10593706667833254,True,True,True,True,0.2475114627596197
134,2017,(주)에프앤에프홀딩스,007700,2016/12,646030.0,8.04,5.24,2269.0,1.9934036939313984,0.615662853715427,0.1305909549598434,True,True,True,True,0.014945739974302357
135,2017,디씨엠(주),024090,2016/12,144495.0,9.64,6.39,1695.0,2.7417218543046356,0.7201850001670318,0.133854495688805,True,True,True,True,0.0033428551268312916
136,2017,(주)진도,088790,2016/12,66595.4304,11.99,6.32,652.3,1.1506758984503789,0.8875213879345363,0.13509533587583114,True,True,True,True,0.0015406683687060206
137,2017,사조산업(주),007160,2016/12,341500.0,21.62,16.71,3400.0,0.88470066518847,1.4613952416109526,0.14794081289170913,True,True,True,True,0.00790051576741677
138,2017,쌍용씨앤이(주),003410,2016/12,1879396.28935,15.02,8.43,1580.0,1.5442834138486312,1.0119558774882549,0.14842544358041268,True,True,True,True,0.043479355833775234
139,2017,한국철강(주),104700,2016/12,347677.5,10.47,6.84,5056.0,-0.13186813186813187,0.704487318495908,0.14861871498771081,True,True,True,True,0.008043430660984022
140,2018,제일파마홀딩스(주),002620,2017/12,412112.559,1.53,0.5,138176.0,198.67630057803467,8.50317908319611,0.0017993270340778418,True,True,True,True,0.02164745978405329
141,2018,(주)비지에프,027410,2017/12,769629.27453,2.03,0.2,75184.0,21.256956779159268,1.6677394673440378,0.012172165015875536,True,True,True,True,0.040427107607313384
142,2018,쿠쿠홀딩스(주),192400,2017/12,842823.7845,3.9,2.7,55585.0,4.243373266672956,0.8229219248721953,0.047392102241117146,True,True,True,True,0.0442718708313069
143,2018,(주)오리온홀딩스,001800,2017/12,1071217.4103,15.15,0.4,58860.0,5.079950418345212,2.9042832903897575,0.052164332763718985,True,True,True,True,0.05626893746144476
144,2018,신세계건설(주),034300,2017/12,95800.0,6.13,3.58,7256.0,-0.23216931216931216,1.0995541034251946,0.05574987152432594,True,True,True,True,0.005032185023296766
145,2018,영보화학(주),014440,2017/12,74600.0,5.58,3.48,1289.0,3.2823920265780733,0.9383247907668388,0.05946768171221169,True,True,True,True,0.003918590842775979
146,2018,동화약품(주),000020,2017/12,254176.377,6.86,4.63,1700.0,0.7913593256059009,1.1256506260748167,0.06094253262152096,True,True,True,True,0.01335138369118197
147,2018,한전산업개발(주),130660,2017/12,115893.0,11.79,9.5,409.0,0.035443037974683546,1.8323718383045242,0.06434283562723367,True,True,True,True,0.006087630677504511
148,2018,삼호개발(주),010960,2017/12,126000.0,6.06,3.57,921.0,0.5198019801980198,0.9013042133514977,0.06723590004606662,True,True,True,True,0.006618531450265058
149,2018,쌍용씨앤이(주),003410,2017/12,3169276.85255,4.86,2.7,4369.0,1.7651898734177216,0.6375189002492627,0.07623303400259655,True,True,True,True,0.16647586129523198
150,2018,(주)예스코홀딩스,015360,2017/12,239700.0,6.99,6.31,6823.0,0.554568238778765,0.9081885892869754,0.07696639313083524,True,True,True,True,0.012590968163718528
151,2018,디씨엠(주),024090,2017/12,127530.0,13.74,11.23,1300.0,-0.23303834808259588,1.687135190991203,0.08143982813806203,True,True,True,True,0.006698899332161134
152,2018,(주)천일고속,000650,2017/12,113480.068,6.62,4.64,18993.0,9.846944603083951,0.7795951867915443,0.08491586546660042,True,True,True,True,0.005960884119335059
153,2018,(주)한창제지,009460,2017/12,177212.43342,6.26,4.34,198.1,-0.26765249537892793,0.7189897595880721,0.08706660862021896,True,True,True,True,0.009308619555303752
154,2018,(주)에이치에스애드,035000,2017/12,124752.58977,19.76,13.15,605.0,42.214285714285715,2.1158398421848763,0.09339081156348424,True,True,True,True,0.0065530074515457145
155,2018,롯데케미칼(주),011170,2017/12,9494291.063,8.87,6.78,47707.0,0.2325160823623634,0.9243194757947488,0.09596249167392466,True,True,True,True,0.498716380939968
156,2018,에이치디씨(주),012630,2017/12,1030544.68725,11.74,7.24,4782.0,0.26910828025477707,1.0575279450186188,0.11101361486757974,True,True,True,True,0.0541324795513309
157,2018,(주)휴니드테크놀러지스,005870,2017/12,112928.12,11.85,8.01,1279.0,-0.05469327420546933,0.9871362533031467,0.12004421841815284,True,True,True,True,0.005931891379677035
158,2018,인터지스(주),129260,2017/12,68717.58894,24.12,18.21,168.0,-0.48936170212765956,1.8844991406148166,0.12799156805203354,True,True,True,True,0.0036095993935379074
159,2018,(주)에프앤에프홀딩스,007700,2017/12,616770.0,9.92,3.28,4851.0,1.1379462318201852,0.7705435518141228,0.12874028958707046,True,True,True,True,0.03239771144904746
160,2019,(주)효성,004800,2018/12,1666718.0775,1.12,0.27,139212.0,13.653894736842105,1.442817937943707,0.007762587160485512,True,True,True,True,0.019504732884382123
161,2019,(주)케이씨,029460,2018/12,252782.9206,1.95,0.75,15603.0,8.22708456534595,1.3878543353088952,0.014050465891047477,True,True,True,True,0.0029581867567143945
162,2019,(주)대덕,008060,2018/12,815172.8574,1.93,1.37,5978.0,5.991812865497076,1.0110499480012316,0.01908906680441913,True,True,True,True,0.009539543041396885
163,2019,한일홀딩스(주),003300,2018/12,263152.2284,3.04,0.69,71826.0,9.642465550451918,1.4580938656948432,0.020849137847180448,True,True,True,True,0.003079533360897333
164,2019,한신공영(주),004960,2018/12,171246.3896,2.23,1.25,12084.0,0.6891249650545149,0.6969232499491049,0.0319977845503483,True,True,True,True,0.0020040072353285153
165,2019,에이치디씨(주),012630,2018/12,660146.01705,3.05,0.97,14778.0,2.0903387703889584,0.8542462535196618,0.03570399035914296,True,True,True,True,0.007725344736502997
166,2019,(주)태영건설,009410,2018/12,912980.0,10.64,5.33,1957.0,1.2650462962962963,2.8239093981990258,0.037678262648177585,True,True,True,True,0.010684129049283198
167,2019,(주)휴니드테크놀러지스,005870,2018/12,102623.42905,7.94,3.93,1944.0,0.5199374511336982,1.653918857976206,0.04800719189885571,True,True,True,True,0.0012009484977219197
168,2019,계룡건설산업(주),013580,2018/12,180850.86675,4.65,2.38,7202.0,0.43637814120462703,0.8379416066309218,0.055493127005544804,True,True,True,True,0.002116403425082389
169,2019,(주)디엔오토모티브,007340,2018/12,293324.04675,5.81,4.42,7762.0,8.678304239401497,0.8067826702504375,0.0720144372733798,True,True,True,True,0.003432618423990643
170,2019,한화솔루션(주),009830,2018/12,3043884.6165,11.45,4.6,3208.0,0.04699738903394256,1.5564916405525562,0.07356287500481042,True,True,True,True,0.03562099504240388
171,2019,디엘(주),000210,2018/12,3149400.0,5.79,3.79,18474.0,5.934684684684685,0.7779535546316612,0.07442603694691517,True,True,True,True,0.03685578657562324
172,2019,에스케이하이닉스(주),000660,2018/12,68505022.5465,4.62,2.75,22064.0,0.5406745339012639,0.5812143320214156,0.0794887487363228,True,True,True,True,0.8016785706268056
173,2019,(주)세아제강지주,003030,2018/12,196314.5418,5.06,2.07,27653.0,7.720592872910753,0.5935912786948039,0.08524384002281826,True,True,True,True,0.002297366753753752
174,2019,삼화콘덴서공업(주),001820,2018/12,543658.5,18.7,5.99,5931.0,3.3933333333333335,2.176767262456508,0.08590720892640046,True,True,True,True,0.006362152043571304
175,2019,(주)SIMPAC,009160,2018/12,192689.92462,2.44,0.93,1513.0,4.365248226950355,0.2814549584592747,0.08669237924806562,True,True,True,True,0.0022549497482274874
176,2019,신세계건설(주),034300,2018/12,105200.0,3.58,2.04,10769.0,0.4841510474090408,0.3919555135643231,0.09133689605344696,True,True,True,True,0.0012311007645124672
177,2019,씨제이제일제당(주),097950,2018/12,3801181.965,6.87,5.37,58653.0,2.466899160657288,0.7379096223640742,0.09310083229420796,True,True,True,True,0.04448325117074622
178,2019,삼영무역(주),002810,2018/12,279946.3074,6.42,3.99,3191.0,2.5733482642777155,0.5404142238947784,0.11879776134926472,True,True,True,True,0.003276065713522644
179,2019,(주)경인양행,012610,2018/12,315686.4651,40.51,25.59,186.0,13.307692307692308,2.9578916096804058,0.13695566080724988,True,True,True,True,0.0036943141495327783
180,2020,(주)사조대림,003960,2019/12,149380.8121,2.63,1.48,11371.0,8.436514522821577,3.4164661836208214,0.007698012679325533,True,True,True,True,0.010859226704074978
181,2020,계룡건설산업(주),013580,2019/12,250065.396,3.1,1.99,9379.0,0.30227714523743404,0.679437250914916,0.04562599409769783,True,True,True,True,0.018178484825684543
182,2020,(주)시디즈,134790,2019/12,111000.0,16.28,8.89,4655.0,0.9452569995821145,2.8750433571284746,0.05662523300608614,True,True,True,True,0.008069136505600257
183,2020,코오롱글로벌(주),003070,2019/12,486561.4534,5.25,2.98,2346.0,3.7586206896551726,0.8064043839509778,0.06510381273322981,True,True,True,True,0.03537054762025097
184,2020,(주)두산,000150,2019/12,865848.954,4.55,2.39,33023.0,3.097146401985112,0.6177347230288266,0.07365621245460852,True,True,True,True,0.06294282345096575
185,2020,(주)신세계,004170,2019/12,2357920.8495,4.82,2.98,70908.0,2.916270849442174,0.6368654369735232,0.07568317764118805,True,True,True,True,0.17140887571185962
186,2020,(주)태영건설,009410,2019/12,459009.3564,10.84,7.2,1680.0,-0.14154317833418498,1.3712622029933752,0.0790512563996659,True,True,True,True,0.03336765003729116
187,2020,(주)동양고속,084670,2019/12,72389.225,2.89,2.3,10992.0,19.46927374301676,0.2942641451414538,0.09821108170044865,True,True,True,True,0.005262329171708205
188,2020,(주)SNT에너지,100840,2019/12,117480.02715,10.43,5.41,2027.0,6.88715953307393,1.0537423737464309,0.09898055027357039,True,True,True,True,0.008540201583378147
189,2020,디엘(주),000210,2019/12,2888400.0,11.91,8.34,10277.0,-0.4437046660171051,1.1978446892422063,0.09942858291198532,True,True,True,True,0.20997201696194398
190,2020,태경산업(주),015890,2019/12,172157.3375,7.08,4.81,1098.0,2.530546623794212,0.6420393224375818,0.11027361958329754,True,True,True,True,0.012514964475028775
191,2020,백광산업(주),001340,2019/12,148904.519205,9.23,6.38,378.0,-0.2786259541984733,0.8367666623929149,0.11030554173375912,True,True,True,True,0.010824602628521801
192,2020,한신공영(주),004960,2019/12,193809.2585,3.47,2.46,5645.0,-0.5328533598146309,0.2798012527552376,0.12401659984830232,True,True,True,True,0.014088949215186186
193,2020,금호석유화학(주),011780,2019/12,4417815.195,13.46,8.68,9399.0,0.4380354957160343,1.078316358516846,0.12482422151615463,True,True,True,True,0.32115273752225243
194,2020,동원수산(주),030720,2019/12,43187.3104,9.83,5.05,1317.0,2.0415704387990763,0.6795012304256709,0.14466493303981268,True,True,True,True,0.003139498224570537
195,2020,(주)케이씨,029460,2019/12,374769.3166,5.88,3.33,3501.0,-0.7756200730628725,0.399223484300115,0.14728592458202502,True,True,True,True,0.027243826790593877
196,2020,신대양제지(주),016590,2019/12,257100.0916,11.78,6.4,8033.0,-0.45465037338764425,0.7209721854616533,0.1633904918600573,True,True,True,True,0.018689871483988558
197,2020,샘표(주),007540,2019/12,140914.2,18.05,7.94,5071.0,-0.1252371916508539,1.0868271125184834,0.166079772873655,True,True,True,True,0.010243746985382484
198,2020,(주)신풍,002870,2019/12,122355.45,3.0,1.77,736.0,1.4781144781144782,0.17820745632048163,0.1683431244652812,True,True,False,False,0.008894620074361684
199,2020,삼아알미늄(주),006110,2019/12,127050.0,12.75,8.46,450.0,0.7857142857142857,0.6974939254297032,0.18279729091755373,True,True,True,True,0.00923589002735597
200,2021,(주)태영건설,009410,2020/12,408440.529,1.86,0.68,13409.0,6.981547619047619,1.4943700470184371,0.012446716284972835,True,True,True,True,0.01994267488678663
201,2021,(주)신풍,002870,2020/12,77433.5205,5.95,0.84,1079.0,0.46603260869565216,2.2650255460996673,0.026269019394707455,True,True,True,True,0.0037807989536484707
202,2021,(주)시디즈,134790,2020/12,122600.0,8.15,3.12,10331.0,1.2193340494092373,2.829201139787431,0.028806718212379706,True,True,True,True,0.005986114911529852
203,2021,태광산업(주),003240,2020/12,1161276.2,2.54,1.13,570263.0,7.942075800103492,0.874126714262067,0.029057572072308236,True,True,True,True,0.05670091987948387
204,2021,한국콜마홀딩스(주),024720,2020/12,365032.52835,5.24,1.94,7081.0,47.17006802721088,1.5954531288855063,0.03284333400417955,True,True,True,True,0.01782321909583506
205,2021,(주)신세계아이앤씨,035510,2020/12,341420.0,3.89,1.78,52485.0,7.059735872235872,1.0612482880203844,0.036654947234414585,True,True,True,True,0.016670304674506704
206,2021,(주)휴비스,079980,2020/12,296355.0,4.26,1.33,2361.0,8.22265625,0.7724610902595885,0.05514840881588495,True,True,True,True,0.01446994359385342
207,2021,에스케이씨(주),011790,2020/12,6608018.001,8.52,2.26,12991.0,31.805555555555557,1.2983681869096397,0.06562083148601476,True,True,True,True,0.32264563696120546
208,2021,두산밥캣(주),241560,2020/12,4085153.5145,24.55,9.24,1411.61,0.2791188676851701,3.5485658779091676,0.06918287794184895,True,True,True,True,0.19946328196604432
209,2021,(주)부산도시가스,015350,2020/12,928400.0,4.11,1.53,17935.0,2.6661896974652493,0.5853705606693052,0.0702119354157592,True,True,True,True,0.04533041667099767
210,2021,서울도시가스(주),017390,2020/12,837500.0,3.74,1.91,39604.0,9.928256070640177,0.5155949731230698,0.07253755748133103,True,True,True,True,0.04089209819254691
211,2021,범양건영(주),002410,2020/12,161656.20282,14.05,2.92,566.0,-0.2871536523929471,1.7573012794322977,0.07995214118627912,True,True,True,True,0.007893088142268322
212,2021,계룡건설산업(주),013580,2020/12,291147.5682,2.68,0.73,11494.0,0.22550378505171126,0.3185470185113439,0.08413200702754534,True,True,True,True,0.014215683519230624
213,2021,코오롱글로벌(주),003070,2020/12,569755.8988,6.79,1.51,3464.0,0.47655583972719523,0.6920919025938281,0.09810835778532272,True,True,True,True,0.02781912138449244
214,2021,미원홀딩스(주),107590,2020/12,351480.0,8.09,3.7,9608.15,1.0011684408500248,0.8196689041416512,0.09869838857034309,True,True,True,True,0.017161498116676284
215,2021,디엘(주),000210,2020/12,1276213.3356,7.7,3.69,12974.0,0.26243067042911356,0.6950397649491848,0.11078502825752647,True,True,True,True,0.062312884816708096
216,2021,케이피엑스홀딩스(주),092230,2020/12,268265.021,5.55,1.58,23283.0,5.551209904333145,0.49166198175155484,0.11288243154835814,True,True,True,True,0.013098411439233026
217,2021,남광토건(주),001260,2020/12,136623.2946,11.93,4.36,1401.0,2.5558375634517767,1.0043010885157595,0.11878907766226915,True,True,True,True,0.006670821705280554
218,2021,코오롱인더스트리(주),120110,2020/12,1951103.5519,6.02,2.44,8307.0,17.337748344370862,0.4730335674777162,0.1272636957267011,True,True,True,True,0.09526533495895147
219,2021,엘에스에코에너지(주),229640,2020/12,242855.29047,9.63,5.31,1011.0,4.080402010050252,0.7488925073447434,0.12858988313481615,True,True,True,True,0.011857746130720886
220,2022,(주)에프앤에프홀딩스,007700,2021/12,1191032.47515,2.12,0.37,85154.0,9.709847817884542,1.3083601794202955,0.016203489171760975,True,True,True,True,0.03512989749023199
221,2022,에이치엘홀딩스(주),060980,2021/12,322016.1525,4.38,2.81,13924.0,1.7216575449569977,1.6057320860532514,0.027277277685629712,True,True,True,True,0.00949797311454435
222,2022,한국무브넥스(주),010100,2021/12,82216.134,7.49,4.03,570.0,4.480769230769231,2.163739986009776,0.03461598920585904,True,True,True,True,0.0024249921137535968
223,2022,(주)디엔오토모티브,007340,2021/12,640615.7205,2.49,0.81,36592.0,15.049122807017543,0.6767597343112794,0.036792969110876664,True,True,True,True,0.01889517293721301
224,2022,(주)삼익악기,002450,2021/12,116332.225775,7.27,4.87,309.0,5.0588235294117645,1.9529702918122442,0.037225348641908206,True,True,True,True,0.0034312575446539223
225,2022,동일제강(주),002690,2021/12,42021.7452,11.09,4.35,542.0,26.1,2.9196948564670695,0.037983421368283934,True,True,True,True,0.0012394452981231523
226,2022,한국주철관공업(주),000970,2021/12,154587.39,6.11,4.29,2011.0,8.955445544554456,1.538062542609595,0.039725302650133486,True,True,True,True,0.004559606288903728
227,2022,(주)지에스리테일,007070,2021/12,2947809.5043,4.26,3.0,9475.0,2.9894736842105263,0.8589272742187144,0.049596748500912634,True,True,True,True,0.08694661805401113
228,2022,포스코스틸리온(주),058430,2021/12,193200.0,5.51,1.01,15965.0,20.25832223701731,1.1015843481637737,0.05001886609213898,True,True,True,True,0.005698498014722935
229,2022,코오롱글로벌(주),003070,2021/12,472695.7125,6.3,3.31,5358.0,0.5467667436489607,1.2150588205272603,0.051849341723770946,True,True,True,True,0.013942316662781023
230,2022,(주)사조대림,003960,2021/12,248815.27905,5.79,2.58,7467.0,1.3742448330683625,0.8367626298769546,0.06919525075888505,True,True,True,True,0.00733888909782173
231,2022,디씨엠(주),024090,2021/12,154470.0,7.42,2.71,5524.0,1.5503231763619576,1.027278341028583,0.072229693780661,True,True,True,True,0.004556143831957825
232,2022,국도화학(주),007690,2021/12,385203.834,4.17,1.79,22503.0,5.0281275113849455,0.571161753321175,0.07300909025774929,True,True,True,True,0.01136171471693925
233,2022,문배철강(주),008420,2021/12,66021.2861,5.33,2.47,1295.0,1.9431818181818181,0.7034242504552499,0.07577219574887377,True,True,True,True,0.0019473197089560296
234,2022,(주)삼양홀딩스,000070,2021/12,588365.4177,5.43,2.68,31139.0,2.2507568639732747,0.7075847262190689,0.0767399266659533,True,True,True,True,0.01735403294355632
235,2022,엘아이지넥스원(주),079550,2021/12,2028400.0,15.27,6.29,4829.0,0.8126876876876877,1.8759879086075504,0.08139711311537257,True,True,True,True,0.059828330088322994
236,2022,계룡건설산업(주),013580,2021/12,162542.5074,2.68,1.59,16900.0,0.47033234731164086,0.3288558190780313,0.08149468078483618,True,True,True,True,0.00479424511245853
237,2022,포스코홀딩스(주),005490,2021/12,23383945.095,6.96,4.08,68360.0,4.638868266930627,0.7307313517470686,0.09524704234134321,True,True,True,True,0.6897172085934142
238,2022,송원산업(주),004430,2021/12,412800.0,9.68,6.03,2478.0,2.591304347826087,0.9909356260607072,0.09768545751535003,True,True,True,True,0.012175672776799316
239,2022,SNT다이내믹스(주),003570,2021/12,310580.18998,6.62,3.11,2791.0,6.9289772727272725,0.6656137573386305,0.09945707892921571,True,True,True,True,0.009160665610834898
240,2023,효성티앤씨(주),298020,2022/12,1579603.93,9.11,3.86,67129.0,0.04971071149335418,4.2840419928565945,0.02126496429117741,True,True,True,True,0.10130186469364205
241,2023,(주)이원,017940,2022/12,427378.0,2.91,2.05,24076.0,0.701844914116067,1.046738742700395,0.02780063335090408,True,True,True,True,0.02740825564357728
242,2023,(주)엘엑스인터내셔널,001120,2022/12,1139544.0,3.64,1.64,14695.0,0.5187060768912773,1.128906374474889,0.032243595060690015,True,True,True,True,0.07308030190862569
243,2023,(주)엔아이스틸,008260,2022/12,171600.702,3.66,1.93,1706.0,1.212710765239948,0.967480044580507,0.03783023764161412,True,True,True,True,0.011004955587403477
244,2023,티와이엠(주),002900,2022/12,248681.27712,5.9,2.16,671.0,1.045731707317073,1.5185915575993554,0.03885178980796479,True,True,True,True,0.015948223860554934
245,2023,문배철강(주),008420,2022/12,63970.9356,4.84,2.39,1338.0,0.033204633204633204,1.2278720636669909,0.03941778743255656,True,True,True,True,0.004102531615299849
246,2023,(주)세아제강,306200,2022/12,390274.88,3.74,1.58,56889.0,0.7429227941176471,0.8651306237864571,0.04323046598016574,True,True,True,True,0.025028788759146346
247,2023,화천기공(주),000850,2022/12,69630.0,2.67,1.86,15295.0,3.6716554673182653,0.6141184192494522,0.043476956826391126,True,True,True,True,0.004465454095583503
248,2023,(주)신화다이나믹스,001770,2022/12,25694.6697,5.52,2.86,8905.0,0.8676593959731543,1.2393410713801596,0.04453979721540897,True,True,True,True,0.0016478294994475128
249,2023,(주)풍산,103140,2022/12,1098551.6976,5.75,3.72,6404.0,-0.2628064924599977,1.2818522444377707,0.044856964013992036,True,True,True,True,0.07045141716584992
250,2023,신성통상(주),005390,2022/06,264567.14599,7.62,4.46,588.0,1.8682926829268294,1.6118874706637842,0.04727377151744992,True,True,True,True,0.016967003383855865
251,2023,현대코퍼레이션(주),011760,2022/12,249762.87808,3.56,2.31,6550.0,1.1040796659171217,0.7500751495835489,0.0474619110095376,True,True,True,True,0.016017588206908788
252,2023,(주)엘에스,006260,2022/12,3001040.0,5.53,3.41,16134.0,0.6142071035517759,1.0546745240149469,0.05243323768690585,True,True,True,True,0.19246023781430294
253,2023,동원산업(주),006040,2022/12,1547872.7445,8.44,0.0,5781.0,-0.7421268623427603,1.5971458728948575,0.05284426515595809,True,True,True,True,0.09926690631006177
254,2023,(주)대우건설,047040,2022/12,1722755.83451,12.25,6.44,620.0,-0.286536248561565,2.1955530335418922,0.05579459850367702,True,True,True,True,0.11048236531528155
255,2023,디에스알제강(주),069730,2022/12,60192.0,3.66,1.95,2009.0,2.7977315689981097,0.6240611020654092,0.05864810333293914,True,True,True,True,0.003860184014381189
256,2023,대한제강(주),084010,2022/12,302514.00924,5.09,2.07,6773.0,0.5230492466831572,0.8509865981425782,0.059812927854678136,True,True,True,True,0.01940058051891632
257,2023,(주)노루홀딩스,000320,2022/12,152316.59046,6.98,4.03,3129.0,4.837686567164179,1.1038854747379823,0.06323119707374326,True,True,True,True,0.009768242750178402
258,2023,해성디에스(주),195870,2022/12,941800.0,7.94,3.73,9406.0,1.1945870275314978,1.1641415639641322,0.06820476345645396,True,True,True,True,0.06039874575930695
259,2023,(주)이마트,139480,2022/12,2135287.7354,4.03,2.16,38320.0,0.4021222100256129,0.5811539658021658,0.06934479048830713,True,True,True,True,0.13693852309767562
