,year,회사명,거래소코드,회계년도,시가총액(백만원),유동자산(백만원),부채(백만원),당기순이익(백만원),NCAV,NCAV/시총,조건1,조건2,최종조건,pf_ratio
0,2008,(주)동성화학,005190,2007/12,6766.6144,136542.0,91447.0,15021.0,45095.0,6.6643371905453925,True,True,True,0.00614446740089085
1,2008,(주)씨앤우방,013200,2007/12,6561.83276,455492.0,423375.0,26.0,32117.0,4.894516695972605,True,True,True,0.00595851412545654
2,2008,KISCO홀딩스(주),001940,2007/12,98766.0,629813.0,333068.0,73488.0,296745.0,3.0045258489763684,True,True,True,0.08968509677696214
3,2008,(주)에스와이코퍼레이션,008080,2007/12,9438.399,55806.0,28970.0,1954.0,26836.0,2.8432788230292023,True,True,True,0.00857059846237149
4,2008,(주)윌비스,008600,2007/12,24306.70232,118460.0,60169.0,5922.0,58291.0,2.3981451384311026,True,True,True,0.022071856204544178
5,2008,(주)서광건설산업,001600,2007/12,14164.23666,128265.0,97818.0,812.0,30447.0,2.1495687152688396,True,True,True,0.012861925517120214
6,2008,(주)신일건업,014350,2007/12,24900.0,383564.0,334835.0,9628.0,48729.0,1.9569879518072288,True,True,True,0.022610603950209154
7,2008,계양전기(주),012200,2007/12,39772.0,98937.0,21503.0,8983.0,77434.0,1.946947601327567,True,True,True,0.03611521848625376
8,2008,(주)티비에이치글로벌,084870,2007/12,34935.171825,159230.0,93166.0,16014.0,66064.0,1.8910455151310825,True,True,True,0.031723105785846605
9,2008,대동전자(주),008110,2007/03,19000.0,58720.0,23536.0,697.0,35184.0,1.8517894736842104,True,True,True,0.01725307128730819
10,2008,신성통상(주),005390,2007/06,30969.158045,162383.0,107940.0,5903.0,54443.0,1.7579748187177429,True,True,True,0.028121741655699944
11,2008,삼양통상(주),002170,2007/12,56400.0,122732.0,29076.0,2585.0,93656.0,1.660567375886525,True,True,True,0.05121438003179905
12,2008,대덕GDS(주),004130,2007/12,99809.88435,205520.0,41352.0,15528.0,164168.0,1.644807035586952,True,True,True,0.09063300262465979
13,2008,(주)다우기술,023590,2007/12,191580.45459,1448456.0,1157975.0,81677.0,290481.0,1.5162350492468366,True,True,True,0.1739658547524305
14,2008,영풍제지(주),006740,2007/12,41736.0,74987.0,16358.0,6194.0,58629.0,1.4047584818861414,True,True,True,0.037898641223531294
15,2008,케이피엑스홀딩스(주),092230,2007/12,151664.7914,371842.0,166161.0,88112.0,205681.0,1.356155229578221,True,True,True,0.13772018198941716
16,2008,한일철강(주),002220,2007/12,15748.8,96802.0,75534.0,641.0,21268.0,1.3504520979376207,True,True,True,0.014300798373134697
17,2008,(주)우성,006980,2007/12,35535.0,118241.0,72009.0,2128.0,46232.0,1.3010271563247502,True,True,True,0.03226778358918403
18,2008,(주)대덕,008060,2007/12,166883.346,299523.0,86130.0,10444.0,213393.0,1.2786955985410313,True,True,True,0.1515394876422378
19,2008,조광피혁(주),004700,2007/12,32314.81068,89135.0,48795.0,4836.0,40340.0,1.2483439992723486,True,True,True,0.02934367012094253
20,2009,평산차업집단유한공사,950010,2008/09,15395.207885,143417.0,102350.0,11596.0,41067.0,2.667518380184575,True,True,True,0.007477126622992244
21,2009,씨제이대한통운(주),000120,2008/12,1293459.9048,3815364.0,1497068.0,143583.0,2318296.0,1.7923215025041417,True,True,True,0.6282060990794535
22,2009,삼성공조(주),006660,2008/12,52414.7253,171583.0,79004.0,6875.0,92579.0,1.7662784545777255,True,True,True,0.02545672269611286
23,2009,(주)신일건업,014350,2008/12,28380.0,437133.0,389137.0,5336.0,47996.0,1.6911909795630726,True,True,True,0.013783565324069016
24,2009,(주)윌비스,008600,2008/12,35081.8384,158384.0,103609.0,5231.0,54775.0,1.5613491908679449,True,True,True,0.017038506387414828
25,2009,영풍제지(주),006740,2008/12,36186.0,67061.0,16576.0,450.0,50485.0,1.3951528215331896,True,True,True,0.017574774306439795
26,2009,(주)방림,003610,2008/09,56066.16925,191525.0,120771.0,24301.0,70754.0,1.2619731461321482,True,True,True,0.027230151738114324
27,2009,(주)비비안,002070,2008/06,49174.4862,84362.0,26478.0,6142.0,57884.0,1.1771144850314674,True,True,True,0.023883007146414035
28,2009,유니퀘스트(주),077500,2008/12,50174.84989,95139.0,39124.0,15821.0,56015.0,1.1163959657637952,True,True,True,0.02436886261748316
29,2009,대동전자(주),008110,2008/03,31650.0,65349.0,30885.0,2769.0,34464.0,1.088909952606635,True,True,True,0.015371735112994516
30,2009,계양전기(주),012200,2008/12,74491.0,97924.0,18642.0,4665.0,79282.0,1.0643164946100871,True,True,True,0.0361787020632567
31,2009,(주)다우기술,023590,2008/12,336499.6275,1445259.0,1095758.0,106248.0,349501.0,1.0386371081495476,True,True,True,0.16343074690525514
32,2010,KISCO홀딩스(주),001940,2009/12,198805.8488,706647.0,314466.0,69218.0,392181.0,1.9726834113142047,True,True,True,0.14078024417382035
33,2010,(주)윌비스,008600,2009/12,35456.7226,145224.0,75899.0,1606.0,69325.0,1.9552004504781837,True,True,True,0.025107943731841626
34,2010,범양건영(주),002410,2009/12,56904.82821,320984.0,222704.0,8832.0,98280.0,1.7270942219052172,True,True,True,0.040295975487785046
35,2010,삼성공조(주),006660,2009/12,63385.2492,169829.0,67663.0,6502.0,102166.0,1.6118261155309934,True,True,True,0.044884951389792566
36,2010,평산차업집단유한공사,950010,2009/09,14506.56094,92355.0,69260.0,22665.0,23095.0,1.592038257414855,True,True,True,0.010272520670707776
37,2010,(주)방림,003610,2009/09,52257.90115,158888.0,82850.0,2332.0,76038.0,1.4550526968494601,True,True,True,0.03700535033709917
38,2010,(주)우성,006980,2009/12,55002.0,204183.0,125990.0,17766.0,78193.0,1.421639213119523,True,True,True,0.03894852710212853
39,2010,유니퀘스트(주),077500,2009/12,42249.057675,103620.0,48481.0,11049.0,55139.0,1.30509419699146,True,True,True,0.02991779513279751
40,2010,(주)다함이텍,009280,2009/12,108432.6096,148998.0,12710.0,16301.0,136288.0,1.2568912664073706,True,True,True,0.07678430663903353
41,2010,케이피엑스홀딩스(주),092230,2009/12,240804.822,522056.0,222120.0,83609.0,299936.0,1.2455564531843137,True,True,True,0.17052094716538008
42,2010,계룡건설산업(주),013580,2009/12,160756.326,1022570.0,844370.0,33904.0,178200.0,1.108510031511917,True,True,True,0.11383626268225899
43,2010,(주)다우기술,023590,2009/12,383609.57535,2272777.0,1862083.0,82805.0,410694.0,1.0706041412686025,True,True,True,0.27164517548735484
44,2011,평산차업집단유한공사,950010,2010/09,5908.30131,124321.0,86689.0,10277.0,37632.0,6.369343407775525,True,True,True,0.0033906541714004233
45,2011,(주)다함이텍,009280,2010/12,72554.1726,286800.0,44671.0,7499.0,242129.0,3.3372167488544964,True,True,True,0.041637366659402195
46,2011,연합과기공고유한공사,900030,2010/12,9760.0,87593.0,60234.0,3425.0,27359.0,2.8031762295081966,True,True,True,0.005601065852355477
47,2011,일성건설(주),013360,2010/12,22175.48608,158124.0,96824.0,4250.0,61300.0,2.7643137011227132,True,True,True,0.012726061254310677
48,2011,(주)에스제이엠홀딩스,025530,2010/12,44652.68392,156733.0,62502.0,18710.0,94231.0,2.110309878994615,True,True,True,0.025625268762329356
49,2011,KISCO홀딩스(주),001940,2010/12,121944.108,351653.0,120266.0,32766.0,231387.0,1.897484050643923,True,True,True,0.06998124787036356
50,2011,삼성공조(주),006660,2010/12,63222.72292,171881.0,53691.0,13028.0,118190.0,1.8694228046703054,True,True,True,0.03628223713526065
51,2011,(주)방림,003610,2010/09,45064.50585,190505.0,108732.0,6981.0,81773.0,1.814576648686363,True,True,True,0.02586160500714228
52,2011,(주)선진지주,014300,2010/12,29799.0,263953.0,211059.0,28145.0,52894.0,1.775026007584147,True,True,True,0.01710104112032181
53,2011,케이피엑스홀딩스(주),092230,2010/12,180603.6165,536845.0,220917.0,152333.0,315928.0,1.7492894445997984,True,True,True,0.10364474889242359
54,2011,경인전자(주),009140,2010/12,20106.2016,41681.0,6910.0,4006.0,34771.0,1.729366923287987,True,True,True,0.011538540901878593
55,2011,삼양통상(주),002170,2010/12,66300.0,138549.0,40847.0,8852.0,97702.0,1.473634992458522,True,True,True,0.038048223976554114
56,2011,(주)플레이그램,009810,2010/12,12282.787891,20792.0,2902.0,6179.0,17890.0,1.4565097239128086,True,True,True,0.007048842605328427
57,2011,(주)비비안,002070,2010/12,60437.916,124334.0,43835.0,6168.0,80499.0,1.3319287845729162,True,True,True,0.03468409298105827
58,2011,범양건영(주),002410,2010/12,15170.93494,304879.0,285142.0,10545.0,19737.0,1.3009745330830613,True,True,True,0.00870629156155129
59,2011,(주)신도리코,029530,2010/12,498961.4355,712099.0,114022.0,75712.0,598077.0,1.1986437376681789,True,True,True,0.2863438379120205
60,2011,대동전자(주),008110,2010/03,25649.142915,63415.0,32719.0,3609.0,30696.0,1.1967651356509275,True,True,True,0.014719522389691795
61,2011,(주)모토닉,009680,2010/12,234630.0,348081.0,75836.0,36982.0,272245.0,1.1603162425947235,True,True,True,0.13464939353874647
62,2011,(주)삼양제넥스,003940,2010/12,184529.6706,417063.0,209547.0,40366.0,207516.0,1.1245671188013273,True,True,True,0.10589783163361316
63,2011,(주)덕성,004830,2010/12,28772.8,67187.0,35157.0,2539.0,32030.0,1.1132041372407273,True,True,True,0.0165121257742473
64,2012,일성건설(주),013360,2011/12,21866.17136,182373.0,110804.0,4031.0,71569.0,3.273046699474873,True,True,True,0.010709376262035122
65,2012,(주)다함이텍,009280,2011/12,70560.9261,215630.0,16148.0,13195.0,199482.0,2.8270887448003608,True,True,True,0.03455856512607859
66,2012,(주)에스제이엠홀딩스,025530,2011/12,55778.51988,157428.0,44400.0,23513.0,113028.0,2.026371446269363,True,True,True,0.02731859852827597
67,2012,삼양통상(주),002170,2011/12,64200.0,148176.0,41899.0,11816.0,106277.0,1.655404984423676,True,True,True,0.03144317972740221
68,2012,(주)비비안,002070,2011/12,49449.204,140947.0,59090.0,5317.0,81857.0,1.6553754839006105,True,True,True,0.024218694840326734
69,2012,(주)SNT홀딩스,036530,2011/12,145204.90579,1041841.0,813821.0,87197.0,228020.0,1.5703326189940845,True,True,True,0.0711168839572504
70,2012,경인전자(주),009140,2011/12,21048.6798,40877.0,7914.0,924.0,32963.0,1.5660364599208734,True,True,True,0.010308994111774774
71,2012,케이피엑스홀딩스(주),092230,2011/12,169197.0723,548636.0,284281.0,62735.0,264355.0,1.5624088313495008,True,True,True,0.08286750706665369
72,2012,(주)방림,003610,2011/09,49295.91485,212419.0,136118.0,3591.0,76301.0,1.5478158835711313,True,True,True,0.02414361854291691
73,2012,삼성공조(주),006660,2011/12,58590.72394,185951.0,96689.0,6530.0,89262.0,1.5234834799346224,True,True,True,0.02869592933339607
74,2012,만호제강(주),001080,2011/06,62042.5,135362.0,46228.0,13254.0,89134.0,1.4366603537897409,True,True,True,0.03038650277628274
75,2012,계룡건설산업(주),013580,2011/12,72251.03763,1138534.0,1047623.0,11854.0,90911.0,1.2582656662394012,True,True,True,0.03538632962136123
76,2012,웰바이오텍(주),010600,2011/12,14613.70694,48824.0,31479.0,1704.0,17345.0,1.1868994000778834,True,True,True,0.007157342894049922
77,2012,(주)삼양제넥스,003940,2011/12,168405.7188,455768.0,258935.0,26644.0,196833.0,1.168802350671716,True,True,True,0.08247992653194326
78,2012,삼영전자공업(주),005680,2011/12,173200.0,240620.0,41985.0,20070.0,198635.0,1.146853348729792,True,True,True,0.08482801758233743
79,2012,한세엠케이(주),069640,2011/12,67440.0,122809.0,49094.0,13140.0,73715.0,1.0930456702253855,True,True,True,0.033030031788411296
80,2012,(주)위스컴,024070,2011/12,64536.3264,87669.0,19177.0,9415.0,68492.0,1.0612937522269628,True,True,True,0.03160790202401078
81,2012,계양전기(주),012200,2011/12,79055.0,113330.0,32012.0,6618.0,81318.0,1.0286256403769527,True,True,True,0.038718700519467006
82,2012,(주)신도리코,029530,2011/12,635041.827,777563.0,142212.0,65579.0,635351.0,1.0004868545454093,True,True,True,0.31102389876602593
83,2013,KISCO홀딩스(주),001940,2012/12,146148.1658,328899.0,76608.0,35287.0,252291.0,1.7262686713787003,True,True,True,0.16749912724074656
84,2013,삼성공조(주),006660,2012/12,64116.61746,191036.0,83598.0,3314.0,107438.0,1.675665439884233,True,True,True,0.07348349127333909
85,2013,(주)에스제이엠홀딩스,025530,2012/12,73923.3396,156858.0,37832.0,20338.0,119026.0,1.6101274731911597,True,True,True,0.08472288925381313
86,2013,만호제강(주),001080,2012/06,61212.5,140916.0,49940.0,9745.0,90976.0,1.4862323871758218,True,True,True,0.07015510779830943
87,2013,삼양통상(주),002170,2012/12,78300.0,157227.0,45627.0,5993.0,111600.0,1.4252873563218391,True,True,True,0.08973894123925062
88,2013,경인전자(주),009140,2012/12,25839.61065,38942.0,6758.0,1149.0,32184.0,1.2455296032101784,True,True,True,0.02961455046954616
89,2013,제이에스전선(주),005560,2012/12,55129.5108,131581.0,63594.0,11599.0,67987.0,1.233223350133555,True,True,True,0.06318344738479989
90,2013,삼영전자공업(주),005680,2012/12,186800.0,241933.0,29948.0,8622.0,211985.0,1.1348233404710921,True,True,True,0.21408983682620708
91,2013,(주)삼양제넥스,003940,2012/12,181061.165,480986.0,276424.0,31832.0,204562.0,1.1297950060135755,True,True,True,0.207512608513988
92,2014,KISCO홀딩스(주),001940,2013/12,181807.5792,694055.0,241825.0,19980.0,452230.0,2.487410051824726,True,True,True,0.23548041927089114
93,2014,(주)에스제이엠홀딩스,025530,2013/12,69592.47728,158890.0,33870.0,16568.0,125020.0,1.7964585381404314,True,True,True,0.09013741781340635
94,2014,만호제강(주),001080,2013/06,73662.5,150386.0,56926.0,5224.0,93460.0,1.2687595452231462,True,True,True,0.09540898383262791
95,2014,경인전자(주),009140,2013/12,30159.3024,42221.0,8007.0,1654.0,34214.0,1.1344426852525606,True,True,True,0.039062866384998285
96,2014,삼성공조(주),006660,2013/12,95890.5052,179576.0,72508.0,13452.0,107068.0,1.1165651883540186,True,True,True,0.12419909262283146
97,2014,(주)형지엘리트,093240,2013/06,28459.444955,57585.0,26834.0,3064.0,30751.0,1.0805200188768054,True,True,True,0.0368611807038474
98,2014,(주)SNT홀딩스,036530,2013/12,292499.0908,1070812.0,774811.0,53763.0,296001.0,1.0119723763599473,True,True,True,0.37885003937139744
99,2015,KISCO홀딩스(주),001940,2014/12,229846.1672,659500.0,250328.0,14866.0,409172.0,1.7801993610968512,True,True,True,0.16678000153205394
100,2015,(주)에스제이엠홀딩스,025530,2014/12,86766.58648,158951.0,34915.0,16921.0,124036.0,1.4295364728747366,True,True,True,0.062959202680433
101,2015,동일산업(주),004890,2014/12,137994.7335,236657.0,41048.0,11211.0,195609.0,1.417510618258486,True,True,True,0.1001311535663727
102,2015,만호제강(주),001080,2014/06,74492.5,149594.0,45901.0,5273.0,103693.0,1.3919924824646777,True,True,True,0.05405293207833195
103,2015,(주)신도리코,029530,2014/12,502489.44565,681360.0,95686.0,17115.0,585674.0,1.1655448787434646,True,True,True,0.36461426151355
104,2015,CS홀딩스(주),000590,2014/12,91550.4226,134005.0,35962.0,14362.0,98043.0,1.0709180494815105,True,True,True,0.06643042956727706
105,2015,삼영전자공업(주),005680,2014/12,255000.0,289402.0,28600.0,18510.0,260802.0,1.0227529411764706,True,True,True,0.18503201906198136
106,2016,KISCO홀딩스(주),001940,2015/12,226150.8912,724882.0,205064.0,78046.0,519818.0,2.2985449990568068,True,True,True,0.10216851225951898
107,2016,(주)SNT홀딩스,036530,2015/12,250907.16425,1140794.0,640062.0,116420.0,500732.0,1.9956863387969201,True,True,True,0.11335268921848611
108,2016,(주)세원정공,021820,2015/06,176500.0,361958.0,77565.0,64117.0,284393.0,1.6112917847025496,True,True,True,0.07973765797746765
109,2016,(주)에스제이엠홀딩스,025530,2015/12,77955.52176,156953.0,44067.0,24783.0,112886.0,1.4480821557136094,True,True,True,0.03521807779917234
110,2016,만호제강(주),001080,2015/06,80095.0,162339.0,47882.0,7067.0,114457.0,1.4290155440414507,True,True,True,0.03618463295017151
111,2016,CS홀딩스(주),000590,2015/12,93166.6974,169850.0,39069.0,29604.0,130781.0,1.403731200629636,True,True,True,0.042090052420234704
112,2016,삼성공조(주),006660,2015/12,92233.6639,171009.0,51934.0,8403.0,119075.0,1.2910145272890976,True,True,True,0.041668534538622695
113,2016,(주)비비안,002070,2015/12,60781.31325,107431.0,33102.0,6660.0,74329.0,1.2228923007023051,True,True,True,0.02745926100481486
114,2016,삼영전자공업(주),005680,2015/12,243000.0,303135.0,23489.0,13828.0,279646.0,1.15080658436214,True,True,True,0.1097804582919243
115,2016,(주)신도리코,029530,2015/12,553393.5921,717514.0,109047.0,9355.0,608467.0,1.0995194174385163,True,True,True,0.25000741628210793
116,2016,(주)위스컴,024070,2015/12,62808.3456,77813.0,12717.0,2793.0,65096.0,1.0364227775488486,True,True,True,0.02837501631492003
117,2016,(주)에스제이엠,123700,2015/12,94253.58392,129393.0,32280.0,23982.0,97113.0,1.0303374785453994,True,True,True,0.04258107670120966
118,2016,동일산업(주),004890,2015/12,202262.931,236180.0,31795.0,4203.0,204385.0,1.0104916357609788,True,True,True,0.09137661424134924
119,2017,KISCO홀딩스(주),001940,2016/12,274189.4792,870907.0,219987.0,77864.0,650920.0,2.3739787605971716,True,True,True,0.09854802763685636
120,2017,(주)SNT홀딩스,036530,2016/12,249324.15375,1205349.0,679286.0,10147.0,526063.0,2.1099560234644934,True,True,True,0.08961103710463163
121,2017,(주)세원정공,021820,2016/06,149500.0,392884.0,93378.0,56810.0,299506.0,2.0033846153846153,True,True,True,0.05373266025631673
122,2017,(주)에스제이엠홀딩스,025530,2016/12,71683.2384,179701.0,48187.0,15157.0,131514.0,1.8346548361297248,True,True,True,0.025764087592105404
123,2017,만호제강(주),001080,2016/06,75530.0,165777.0,43662.0,4014.0,122115.0,1.6167747914735866,True,True,True,0.02714667444253915
124,2017,삼성공조(주),006660,2016/12,93046.2953,201876.0,53998.0,7751.0,147878.0,1.5892948722269011,True,True,True,0.033442307514808166
125,2017,CS홀딩스(주),000590,2016/12,92589.4564,178710.0,32039.0,17139.0,146671.0,1.584100454876415,True,True,True,0.033278112401727435
126,2017,(주)에스제이엠,123700,2016/12,76464.0002,145125.0,37259.0,15018.0,107866.0,1.4106769161679302,True,True,True,0.027482368860103912
127,2017,동일산업(주),004890,2016/12,163459.491,268588.0,44924.0,13434.0,223664.0,1.3683145507898344,True,True,True,0.058749921709521494
128,2017,경인전자(주),009140,2016/12,30944.7009,46587.0,4554.0,2953.0,42033.0,1.3583262651603139,True,True,True,0.01112201404811397
129,2017,삼양통상(주),002170,2016/12,123450.0,195346.0,39297.0,22854.0,156049.0,1.264066423653301,True,True,True,0.04436987898757392
130,2017,케이피엑스홀딩스(주),092230,2016/12,276714.313,581482.0,273650.0,53425.0,307832.0,1.11245420109512,True,True,True,0.09945549276581332
131,2017,(주)위스컴,024070,2016/12,60779.8464,83074.0,15537.0,1894.0,67537.0,1.1111742460737775,True,True,True,0.021845236368176025
132,2017,삼영전자공업(주),005680,2016/12,261000.0,312070.0,23944.0,13208.0,288126.0,1.1039310344827586,True,True,True,0.09380752058126199
133,2017,미원홀딩스(주),107590,2016/12,113091.039,156269.0,38302.0,34515.0,117967.0,1.0431153612444926,True,True,True,0.04064670486034024
134,2017,한국제지(주),002300,2016/12,112110.8576,323912.0,207484.0,16810.0,116428.0,1.0385077992660008,True,True,True,0.04029441219040204
135,2017,(주)동양,001520,2016/12,473787.865055,627619.0,142006.0,24457.0,485613.0,1.0249587121519612,True,True,True,0.1702868387061268
136,2017,(주)방림,003610,2016/09,84628.18,153197.0,67000.0,5027.0,86197.0,1.0185377967480809,True,True,True,0.030416703973581396
137,2018,(주)에스제이엠홀딩스,025530,2017/12,51148.9774,186966.0,47622.0,19319.0,139344.0,2.7242773381428345,True,True,True,0.019537842364519817
138,2018,(주)SNT홀딩스,036530,2017/12,211950.518,1187728.0,626882.0,25863.0,560846.0,2.6461176188302593,True,True,True,0.08096067644477131
139,2018,(주)에스제이엠,123700,2017/12,47126.79196,136221.0,35071.0,5677.0,101150.0,2.1463374822087085,True,True,True,0.01800145143194984
140,2018,CS홀딩스(주),000590,2017/12,73771.3998,185548.0,33003.0,14265.0,152545.0,2.0678067708293644,True,True,True,0.028179135802280354
141,2018,만호제강(주),001080,2017/06,72210.0,152182.0,20649.0,4180.0,131533.0,1.8215344135161335,True,True,True,0.027582713650536755
142,2018,동일산업(주),004890,2017/12,140904.9915,292257.0,52036.0,23347.0,240221.0,1.704843791853889,True,True,True,0.05382276737952937
143,2018,(주)쌍방울,102280,2017/12,131061.076195,542419.0,322039.0,143383.0,220380.0,1.6815061069093185,True,True,True,0.05006259708375383
144,2018,(주)위스컴,024070,2017/12,41321.28,82338.0,13223.0,65.0,69115.0,1.6726248557643908,True,True,True,0.01578386697013781
145,2018,(주)신도리코,029530,2017/12,462673.3311,749500.0,84699.0,31679.0,664801.0,1.436869072223039,True,True,True,0.1767315608014303
146,2018,삼성공조(주),006660,2017/12,73949.4574,159854.0,54875.0,10988.0,104979.0,1.4196047366805966,True,True,True,0.02824715009107833
147,2018,한국제지(주),002300,2017/12,81580.6687,364889.0,250788.0,7996.0,114101.0,1.398627908035277,True,True,True,0.031162113615446702
148,2018,삼양통상(주),002170,2017/12,128100.0,217901.0,39197.0,24930.0,178704.0,1.3950351288056206,True,True,True,0.04893152774731697
149,2018,유성기업(주),002920,2017/12,75507.225,193010.0,90979.0,6729.0,102031.0,1.3512746627888919,True,True,True,0.028842184818192083
150,2018,(주)웅진씽크빅,095720,2017/12,93304.039675,353181.0,231003.0,24938.0,122178.0,1.3094609882441834,True,True,True,0.03564019677044517
151,2018,케이피엑스홀딩스(주),092230,2017/12,258548.3352,653301.0,322028.0,58376.0,331273.0,1.2812807312943781,True,True,True,0.09876007055317258
152,2018,삼영전자공업(주),005680,2017/12,237000.0,320647.0,26768.0,10580.0,293879.0,1.2399957805907174,True,True,True,0.09052905601962624
153,2018,삼정펄프(주),009770,2017/12,83624.02995,126225.0,23019.0,10429.0,103206.0,1.2341667827023923,True,True,True,0.03194263498704832
154,2018,대창단조(주),015230,2017/12,85400.0,150484.0,45283.0,12710.0,105201.0,1.2318618266978922,True,True,True,0.032621018498211314
155,2018,신라교역(주),004970,2017/12,206400.0,321296.0,70349.0,26513.0,250947.0,1.2158284883720931,True,True,True,0.07884049435633272
156,2018,(주)티비에이치글로벌,084870,2017/12,62361.88881,397820.0,324916.0,993.0,72904.0,1.1690473363005247,True,True,True,0.023820940614220222
157,2019,KISCO홀딩스(주),001940,2018/12,236497.664,1117863.0,266111.0,36320.0,851752.0,3.6015239457079797,True,True,True,0.09717901753241087
158,2019,(주)에스제이엠홀딩스,025530,2018/12,48311.51588,177519.0,45615.0,6153.0,131904.0,2.7302807125248085,True,True,True,0.01985163645726271
159,2019,CS홀딩스(주),000590,2018/12,67537.197,188481.0,29665.0,12641.0,158816.0,2.351533777749171,True,True,True,0.027751641772465405
160,2019,(주)SNT홀딩스,036530,2018/12,251895.0387,1168023.0,610559.0,73732.0,557464.0,2.213080507170783,True,True,True,0.10350593730242773
161,2019,만호제강(주),001080,2018/06,65155.0,161336.0,21933.0,2673.0,139403.0,2.139559511933083,True,True,True,0.026772775596312998
162,2019,(주)신도리코,029530,2018/12,371953.0701,766836.0,78654.0,35034.0,688182.0,1.85018502418862,True,True,True,0.15283886237659394
163,2019,동일산업(주),004890,2018/12,140419.9485,299255.0,54787.0,15655.0,244468.0,1.7409777073091577,True,True,True,0.05769981997446593
164,2019,한세엠케이(주),069640,2018/12,58285.58883,155083.0,57117.0,4004.0,97966.0,1.6807928334692608,True,True,True,0.023950072753350586
165,2019,삼영전자공업(주),005680,2018/12,180400.0,325970.0,27550.0,15130.0,298420.0,1.6542128603104214,True,True,True,0.07412798277300077
166,2019,(주)에스제이엠,123700,2018/12,59922.80832,131492.0,33638.0,3726.0,97854.0,1.6330009013836555,True,True,True,0.024622820969261567
167,2019,(주)위스컴,024070,2018/12,40768.32508,75915.0,10633.0,1050.0,65282.0,1.601292176509499,True,True,True,0.016752071503405404
168,2019,유성기업(주),002920,2018/12,69020.35,194583.0,85162.0,6760.0,109421.0,1.5853440325932857,True,True,True,0.02836108268174326
169,2019,삼성공조(주),006660,2018/12,64929.24886,145459.0,46285.0,6332.0,99174.0,1.5274164069545653,True,True,True,0.02668001242216164
170,2019,남양유업(주),003920,2018/12,316440.0,628689.0,163837.0,2015.0,464852.0,1.4690051826570598,True,True,True,0.13002804250935898
171,2019,(주)한국전자홀딩스,006200,2018/12,34306.698688,173315.0,126723.0,1060.0,46592.0,1.3581021136346538,True,True,True,0.014096931093916805
172,2019,(주)휴스틸,005010,2018/12,76064.24664,299964.0,197444.0,17184.0,102520.0,1.3478079982203846,True,True,True,0.03125548317389801
173,2019,대창단조(주),015230,2018/12,82430.88355,158585.0,47669.0,12495.0,110916.0,1.3455636434216045,True,True,True,0.03387159155076293
174,2019,(주)신영와코루,005800,2018/12,90000.0,148019.0,27410.0,2709.0,120609.0,1.3401,True,True,True,0.03698180958741723
175,2019,(주)세아특수강,019440,2018/12,115266.5,323210.0,174943.0,11067.0,148267.0,1.2862974064450643,True,True,True,0.047364041720089206
176,2019,(주)우진아이엔에스,010400,2018/12,64024.8,94792.0,13109.0,14447.0,81683.0,1.2758025015306569,True,True,True,0.026308366249694123
177,2020,KISCO홀딩스(주),001940,2019/12,262364.596,1094787.0,229758.0,62889.0,865029.0,3.297049271083816,True,True,True,0.08787159719672981
178,2020,(주)에스제이엠홀딩스,025530,2019/12,45548.7244,186770.0,56116.0,9334.0,130654.0,2.8684447637352495,True,True,True,0.015255256327731271
179,2020,(주)SNT홀딩스,036530,2019/12,242927.9014,1266526.0,610746.0,124509.0,655780.0,2.699484070050094,True,True,True,0.08136182634820018
180,2020,(주)신도리코,029530,2019/12,267120.7685,774747.0,76867.0,14487.0,697880.0,2.6126010490270057,True,True,True,0.0894645425883335
181,2020,CS홀딩스(주),000590,2019/12,68114.438,194780.0,28139.0,16604.0,166641.0,2.44648572157345,True,True,True,0.02281300354723785
182,2020,만호제강(주),001080,2019/06,72625.0,164945.0,18875.0,1067.0,146070.0,2.011290877796902,True,True,True,0.024323688652002812
183,2020,남양유업(주),003920,2019/12,205200.0,546860.0,144126.0,29231.0,402734.0,1.9626413255360624,True,True,True,0.06872593337543513
184,2020,(주)에스제이엠,123700,2019/12,51418.13891,144026.0,45446.0,7569.0,98580.0,1.917222250547613,True,True,True,0.017221050628740395
185,2020,유성기업(주),002920,2019/12,71355.625,211530.0,90543.0,19032.0,120987.0,1.6955495800085838,True,True,True,0.023898547415753087
186,2020,미창석유공업(주),003650,2019/12,111860.9096,209489.0,37419.0,17726.0,172070.0,1.5382496049361645,True,True,True,0.037464646298660684
187,2020,(주)대덕,008060,2019/12,236553.247,522502.0,162148.0,64558.0,360354.0,1.523352583699686,True,True,True,0.0792268162430061
188,2020,삼영전자공업(주),005680,2019/12,204000.0,322879.0,18290.0,8554.0,304589.0,1.4930833333333333,True,True,True,0.06832402733230393
189,2020,삼성공조(주),006660,2019/12,58671.98708,126689.0,39688.0,5039.0,87001.0,1.4828371140962557,True,True,True,0.019650521808306388
190,2020,(주)위스컴,024070,2019/12,41917.80793,77088.0,16220.0,1076.0,60868.0,1.4520797485795436,True,True,True,0.014039183601566602
191,2020,(주)세아특수강,019440,2019/12,101126.0,374176.0,245778.0,10993.0,128398.0,1.269683365306647,True,True,True,0.033869292098071414
192,2020,(주)영원무역홀딩스,009970,2019/12,514743.598,1863425.0,1213687.0,227683.0,649738.0,1.262255621098565,True,True,True,0.17239880224941406
193,2020,화천기공(주),000850,2019/12,71280.0,168245.0,78284.0,7454.0,89961.0,1.2620791245791245,True,True,True,0.023873218961993257
194,2020,(주)방림,003610,2019/09,80819.9119,148401.0,47039.0,5745.0,101362.0,1.2541711271031464,True,True,True,0.027068342498284298
195,2020,(주)신영와코루,005800,2019/12,94050.0,149589.0,33947.0,2873.0,115642.0,1.2295800106326422,True,True,True,0.03149938613040777
196,2020,동일산업(주),004890,2019/12,184073.8185,274097.0,51049.0,3751.0,223048.0,1.211731259869529,True,True,True,0.06165031669782134
197,2021,KISCO홀딩스(주),001940,2020/12,268831.329,1136286.0,229774.0,36484.0,906512.0,3.372047459542931,True,True,True,0.07904039825828013
198,2021,CS홀딩스(주),000590,2020/12,74002.2962,189859.0,28164.0,11835.0,161695.0,2.184999767615319,True,True,True,0.02175777274707149
199,2021,(주)에스제이엠홀딩스,025530,2020/12,55778.51988,175142.0,60442.0,5010.0,114700.0,2.056347143071592,True,True,True,0.016399712198620256
200,2021,(주)SNT홀딩스,036530,2020/12,286948.3936,1241962.0,652957.0,77889.0,589005.0,2.052651323851147,True,True,True,0.08436708397821341
201,2021,(주)세원정공,021820,2020/06,80900.0,249177.0,94841.0,4597.0,154336.0,1.9077379480840544,True,True,True,0.0237857999768132
202,2021,(주)영원무역홀딩스,009970,2020/12,637463.926,2150102.0,1115410.0,234466.0,1034692.0,1.6231381224856951,True,True,True,0.18742384964487083
203,2021,삼양통상(주),002170,2020/12,174000.0,317230.0,46526.0,49910.0,270704.0,1.5557701149425287,True,True,True,0.051158580914283026
204,2021,만호제강(주),001080,2020/06,95657.5,153136.0,17451.0,1271.0,135685.0,1.4184460183467056,True,True,True,0.028124723872459935
205,2021,삼영전자공업(주),005680,2020/12,228000.0,341561.0,22979.0,11424.0,318582.0,1.3972894736842105,True,True,True,0.06703538188768121
206,2021,미창석유공업(주),003650,2020/12,137434.088,219110.0,34686.0,19679.0,184424.0,1.3419087119055937,True,True,True,0.04040766040993502
207,2021,화성산업(주),002460,2020/12,156880.08,394529.0,186024.0,32927.0,208505.0,1.3290724991981138,True,True,True,0.04612507049723674
208,2021,(주)에스제이엠,123700,2020/12,76464.0002,147236.0,51272.0,4262.0,95964.0,1.2550219678410182,True,True,True,0.022481550237134787
209,2021,(주)유수홀딩스,000700,2020/12,164063.4156,312534.0,109944.0,62940.0,202590.0,1.2348273943895631,True,True,True,0.04823707771290945
210,2021,(주)원림,005820,2020/12,44350.821,98550.0,43930.0,18305.0,54620.0,1.2315442818972844,True,True,True,0.01303979922266312
211,2021,(주)대덕,008060,2020/12,273154.609,609591.0,292481.0,147240.0,317110.0,1.1609176252266715,True,True,True,0.08031150670480369
212,2021,(주)신영와코루,005800,2020/12,106650.0,178360.0,56263.0,2921.0,122097.0,1.1448382559774966,True,True,True,0.0313566819224614
213,2021,(주)우진아이엔에스,010400,2020/12,54268.64,79263.0,19599.0,1764.0,59664.0,1.099419480569257,True,True,True,0.015955785118092508
214,2021,케이피엑스홀딩스(주),092230,2020/12,268265.021,652676.0,361946.0,194061.0,290730.0,1.0837417376155052,True,True,True,0.07887389530632377
215,2021,대창단조(주),015230,2020/12,112860.3085,171639.0,50038.0,14830.0,121601.0,1.0774469928017254,True,True,True,0.03318260473797813
216,2021,새론오토모티브(주),075180,2020/12,105216.0,139074.0,30174.0,6155.0,108900.0,1.0350136861313868,True,True,True,0.030935064652167832
217,2022,KISCO홀딩스(주),001940,2021/12,253160.347,1258448.0,267378.0,178383.0,991070.0,3.9147916004397008,True,True,True,0.04904153559892911
218,2022,(주)세원정공,021820,2021/06,61500.0,263447.0,70776.0,24591.0,192671.0,3.1328617886178862,True,True,True,0.011913613151012708
219,2022,(주)SNT홀딩스,036530,2021/12,255971.0102,1327473.0,592194.0,151815.0,735279.0,2.872508880695116,True,True,True,0.04958600964872728
220,2022,(주)신도리코,029530,2021/12,326088.93815,875019.0,73933.0,95437.0,801086.0,2.4566488042949275,True,True,True,0.0631690644218473
221,2022,(주)에스제이엠홀딩스,025530,2021/12,51148.9774,190326.0,66105.0,6149.0,124221.0,2.428611603093359,True,True,True,0.009908441135178728
222,2022,CS홀딩스(주),000590,2021/12,66498.1632,189086.0,41521.0,21066.0,147565.0,2.2190838498227876,True,True,True,0.012881843766141612
223,2022,화성산업(주),002460,2021/12,106575.0,615175.0,390985.0,29679.0,224190.0,2.103589021815623,True,True,True,0.020645419862913485
224,2022,에이치디씨현대산업개발(주),294870,2021/12,659073.3,4955826.0,3681097.0,176281.0,1274729.0,1.9341232606449084,True,True,True,0.1276738916156316
225,2022,삼양통상(주),002170,2021/12,158400.0,350096.0,52591.0,33140.0,297505.0,1.8781881313131312,True,True,True,0.030684818262120533
226,2022,에이치디씨(주),012630,2021/12,327982.04829,6451751.0,5846685.0,230227.0,605066.0,1.8448143828439165,True,True,True,0.06353579258217608
227,2022,삼영전자공업(주),005680,2021/12,186000.0,372337.0,31882.0,17030.0,340455.0,1.8304032258064515,True,True,True,0.036031415383550626
228,2022,(주)대덕,008060,2021/12,210457.8315,726403.0,351055.0,54715.0,375348.0,1.783483167743273,True,True,True,0.040769320147837664
229,2022,일진다이아몬드(주),081000,2021/12,235769.385,525926.0,106685.0,10803.0,419241.0,1.7781825235706492,True,True,True,0.045672605621824035
230,2022,(주)영원무역홀딩스,009970,2021/12,837225.3488,2619646.0,1170498.0,446829.0,1449148.0,1.7308936023939938,True,True,True,0.1621850231841444
231,2022,미창석유공업(주),003650,2021/12,126822.0888,260426.0,45615.0,33138.0,214811.0,1.6937979971198835,True,True,True,0.024567630975066364
232,2022,(주)에이프로젠바이오로직스,003060,2021/12,200483.668646,353474.0,17440.0,9151.0,336034.0,1.6761165748285725,True,True,True,0.038837152379581456
233,2022,(주)한국전자홀딩스,006200,2021/12,46803.136,230494.0,153728.0,29178.0,76766.0,1.6401892386014476,True,True,True,0.009066576529402216
234,2022,현대비앤지스틸(주),004560,2021/12,156065.69385,518755.0,271019.0,69792.0,247736.0,1.5873828122540974,True,True,True,0.03023262280769566
235,2022,(주)에스제이엠,123700,2021/12,65540.5716,155407.0,55542.0,4750.0,99865.0,1.5237126799791292,True,True,True,0.01269634171932764
236,2022,태광산업(주),003240,2021/12,830596.4,2172075.0,951549.0,318368.0,1220526.0,1.469457368223604,True,True,True,0.16090088120689125
237,2023,KISCO홀딩스(주),001940,2022/12,384997.844,1289089.0,239740.0,123925.0,1049349.0,2.725597081525475,True,True,True,0.06796167113213071
238,2023,(주)SNT홀딩스,036530,2022/12,281894.18894,1504308.0,742131.0,115575.0,762177.0,2.7037698182640657,True,True,True,0.04976131804727457
239,2023,(주)에스제이엠홀딩스,025530,2022/12,55629.1798,208121.0,65019.0,3830.0,143102.0,2.572426926201058,True,True,True,0.009819930375812101
240,2023,CS홀딩스(주),000590,2022/12,71462.4358,213280.0,33693.0,18788.0,179587.0,2.5130265710870154,True,True,True,0.012614892877531555
241,2023,전방(주),000950,2022/12,38808.0,183764.0,94123.0,67453.0,89641.0,2.3098587920016493,True,True,True,0.00685057481333773
242,2023,동일산업(주),004890,2022/12,114227.6265,337798.0,82126.0,21845.0,255672.0,2.23826764009668,True,True,True,0.020164010025980457
243,2023,삼성공조(주),006660,2022/12,71023.98436,201632.0,49784.0,40962.0,151848.0,2.137981998170174,True,True,True,0.01253749532053981
244,2023,삼양통상(주),002170,2022/12,145650.0,344026.0,40424.0,15101.0,303602.0,2.0844627531754205,True,True,True,0.02571083852717585
245,2023,삼영전자공업(주),005680,2022/12,171400.0,374315.0,17580.0,18179.0,356735.0,2.0813010501750293,True,True,True,0.030256352375955656
246,2023,(주)신도리코,029530,2022/12,329616.9483,759236.0,84788.0,45017.0,674448.0,2.046156920869715,True,True,True,0.05818556905981305
247,2023,(주)영원무역홀딩스,009970,2022/12,1063576.176,3589463.0,1503556.0,898145.0,2085907.0,1.9612201242085738,True,True,True,0.1877475820287481
248,2023,(주)진도,088790,2022/12,25331.15904,74702.0,25027.0,4572.0,49675.0,1.9610235726505472,True,True,True,0.004471578028037424
249,2023,(주)에스제이엠,123700,2022/12,56723.80423,165732.0,56088.0,4701.0,109644.0,1.9329451098770214,True,True,True,0.010013158744968519
250,2023,(주)한국전자홀딩스,006200,2022/12,42590.85376,203217.0,123768.0,31243.0,79449.0,1.8654005023636324,True,True,True,0.007518342353298458
251,2023,미창석유공업(주),003650,2022/12,124734.4824,266514.0,36181.0,23383.0,230333.0,1.8465864095332152,True,True,True,0.022018730763867202
252,2023,태광산업(주),003240,2022/12,679174.0,1928389.0,702185.0,342230.0,1226204.0,1.8054342480719228,True,True,True,0.11989106107693877
253,2023,(주)대덕,008060,2022/12,216558.0585,803619.0,419083.0,133396.0,384536.0,1.7756716266460246,True,True,True,0.038227870057344335
254,2023,케이피엑스홀딩스(주),092230,2022/12,216724.3398,812718.0,448980.0,37511.0,363738.0,1.6783440214221845,True,True,True,0.03825722283217707
255,2023,(주)유수홀딩스,000700,2022/12,150782.09148,325176.0,79255.0,44119.0,245921.0,1.6309695507348723,True,True,True,0.026616779998847498
256,2023,에스디바이오센서(주),137310,2022/12,1424020.91832,2517266.0,315141.0,908789.0,2202125.0,1.5464133789537127,True,True,True,0.251375021560221
