,total_rank,거래소코드,시가총액(백만원),year,weight
0,57.0,002070,42581.259,2008,0.008783612876879242
1,89.0,010690,37380.0,2008,0.0077107031837115505
2,91.0,084010,279873.006,2008,0.0577318801069856
3,107.0,011280,42483.564,2008,0.008763460465227753
4,109.0,008870,33000.0,2008,0.006807201847578415
5,113.0,005010,101011.8082,2008,0.02083659901231141
6,122.0,021820,30000.0,2008,0.006188365315980378
7,122.0,002820,56700.0,2008,0.011696010447202913
8,126.0,084670,74123.4,2008,0.015290089255417996
9,131.0,015360,156000.0,2008,0.032179499643097964
10,133.0,005850,88049.234,2008,0.018162694192808006
11,148.0,010660,24530.0,2008,0.0050600200400332885
12,154.0,005720,39767.409,2008,0.008203175152066864
13,158.0,002840,83000.0,2008,0.017121144040879045
14,164.0,011090,29558.1,2008,0.006097210694875986
15,172.0,008490,57147.948,2008,0.011788412642755005
16,174.0,083420,31500.0,2008,0.006497783581779396
17,174.0,005800,81000.0,2008,0.01670858635314702
18,175.0,004970,178909.08,2008,0.03690515817953195
19,180.0,041650,25551.0255,2008,0.005270635999731006
20,184.0,006040,306051.2,2008,0.0631318876998058
21,190.0,007700,46200.0,2008,0.009530082586609782
22,198.0,004890,97372.38225,2008,0.020085862435009445
23,199.0,012320,160617.6,2008,0.03313201283253366
24,201.0,003160,29741.359675,2008,0.0061350132887622475
25,203.0,000890,28633.163,2008,0.0059064157598670885
26,207.0,000670,972597.12,2008,0.2006262094610135
27,209.0,034300,54600.0,2008,0.011262824875084287
28,209.0,003650,35924.2268,2008,0.007410407971084425
29,211.0,016590,25926.06696,2008,0.005347999118501628
30,211.0,005390,30969.158045,2008,0.006388282117026423
31,213.0,000430,105000.0,2008,0.021659278605931323
32,216.0,006370,86897.53633,2008,0.017925123328957227
33,222.0,008600,24306.70232,2008,0.005013958452764926
34,224.0,002100,74077.32625,2008,0.015280585215535426
35,226.0,058430,99600.0,2008,0.020545372849054853
36,228.0,024070,52215.072,2008,0.010770864684540606
37,229.0,007340,177952.65,2008,0.03670786690489319
38,229.0,008020,67937.7528,2008,0.01401412110243896
39,235.0,000590,25620.0,2008,0.005284863979847242
40,239.0,013520,33442.70678,2008,0.006898522890328461
41,246.0,001310,54015.2,2008,0.011142193007191442
42,248.0,003030,232290.0,2008,0.047916512641636065
43,252.0,016510,56700.0,2008,0.011696010447202913
44,259.0,000230,126343.0476,2008,0.026061897789436596
45,259.0,000970,54721.2,2008,0.011287825870960848
46,259.0,027390,63300.0,2008,0.013057450816718597
47,270.0,079430,90796.279,2008,0.018729351459455916
48,275.0,002920,43092.6498,2008,0.008889101979866958
49,275.0,002410,98700.654,2008,0.02035985679593933
0,6.0,006060,53051.88,2009,0.004201469619882412
1,38.0,005950,172261.731,2009,0.013642352155378025
2,42.0,007860,201415.00883,2009,0.015951160271560457
3,43.0,063160,86809.5174,2009,0.006874922247293661
4,49.0,003030,216900.0,2009,0.017177501731371163
5,54.0,028670,2326193.6598,2009,0.18422404619049848
6,59.0,005010,110697.872,2009,0.008766772189668526
7,96.0,014790,276583.5072,2009,0.021904166315337523
8,99.0,027840,80269.4538,2009,0.0063569787073569275
9,111.0,007660,85511.7958,2009,0.006772148549595009
10,114.0,007700,48895.0,2009,0.0038722634723623466
11,118.0,069730,66816.0,2009,0.005291525844551847
12,121.0,010690,107660.0,2009,0.008526186428766342
13,124.0,002240,508300.0,2009,0.040255067450696
14,126.0,021820,62500.0,2009,0.00494971811069939
15,130.0,012320,153964.8,2009,0.012193317743523351
16,133.0,027390,81000.0,2009,0.00641483467146641
17,147.0,016710,118257.52365,2009,0.009365462504589863
18,148.0,019170,100987.62435,2009,0.007997764371227227
19,148.0,015020,36852.376,2009,0.0029185419665520565
20,149.0,014280,50259.2274,2009,0.003980304129464624
21,150.0,033530,131155.9722,2009,0.010386961454795611
22,157.0,016510,73710.0,2009,0.005837499551034433
23,159.0,004490,353500.0,2009,0.02799560563411575
24,162.0,004700,47873.7936,2009,0.0037913885313568727
25,167.0,003650,74892.8796,2009,0.005931178280296782
26,170.0,000590,40800.0,2009,0.003231175982664562
27,173.0,009270,123441.5715,2009,0.009776015713067899
28,174.0,008020,85816.1088,2009,0.006796248766673749
29,181.0,024070,60479.328,2009,0.004789690001992459
30,186.0,005430,102906.5375,2009,0.008149733637969855
31,190.0,020000,396543.0,2009,0.03140441710033709
32,191.0,014530,56960.0,2009,0.004510975097366996
33,195.0,015360,150000.0,2009,0.011879323465678536
34,196.0,025530,101925.48652,2009,0.00807203882511825
35,204.0,008490,89892.00801,2009,0.007119041600867707
36,205.0,041650,42084.042,2009,0.0033328663177413405
37,208.0,078000,76263.26916,2009,0.0060397069526783075
38,209.0,003200,146400.0,2009,0.011594219702502252
39,213.0,004970,186363.625,2009,0.014759158557409434
40,215.0,017960,215350.0,2009,0.01705474872222582
41,233.0,005610,79559.46298,2009,0.006300750636633978
42,234.0,002900,45772.23,2009,0.0036249541727695674
43,244.0,037710,203200.0,2009,0.016092523521505857
44,245.0,000850,75020.0,2009,0.0059412456426346915
45,248.0,009970,447663.2423,2009,0.035452909726507505
46,251.0,010130,3849480.0,2009,0.3048614539644014
47,252.0,058650,239200.0,2009,0.018943561153268704
48,253.0,002100,92840.69,2009,0.0073525639152452445
49,255.0,005450,92701.4748,2009,0.007341538699297649
0,29.0,004060,65788.112,2010,0.0034937274794149273
1,30.0,004250,72889.2,2010,0.003870836132105
2,50.0,018470,73776.0,2010,0.003917930317278533
3,57.0,014300,122760.0,2010,0.006519262710761125
4,64.0,006980,55002.0,2010,0.0029209228381987893
5,71.0,001080,70342.5,2010,0.0037355917011381106
6,73.0,002310,66156.177,2010,0.0035132738498094883
7,86.0,000890,43040.9736,2010,0.002285723478538074
8,89.0,019300,56359.8,2010,0.002993029834848117
9,97.0,035150,75504.0,2010,0.0040096970651132945
10,101.0,007700,85624.0,2010,0.004547127324423351
11,112.0,011280,112227.4149,2010,0.005959921807451023
12,113.0,004700,83114.225,2010,0.004413843823528105
13,113.0,002200,52200.0,2010,0.0027721205075083963
14,115.0,009770,57600.0,2010,0.0030588915944920235
15,117.0,006650,533650.0,2010,0.028339887142372715
16,118.0,027390,121500.0,2010,0.006452349457131612
17,124.0,021820,115500.0,2010,0.006133714916038693
18,125.0,002300,130128.674,2010,0.006910581720503346
19,128.0,000590,58889.8896,2010,0.003127392157951445
20,130.0,001130,305890.0,2010,0.016244519962485503
21,132.0,049770,191798.4628,2010,0.01018560252943422
22,137.0,006060,49456.08,2010,0.0026264025591757824
23,139.0,000860,105625.0,2010,0.005609295567156597
24,144.0,016380,504866.99155,2010,0.026811343694249486
25,146.0,002170,72000.0,2010,0.003823614493115029
26,151.0,044450,48226.6304,2010,0.0025611117076603036
27,171.0,036580,74202.56991,2010,0.003940583635198017
28,171.0,003720,79900.0,2010,0.004243149972220707
29,175.0,007340,223033.988,2010,0.011844388735750605
30,179.0,009830,4348788.841,2010,0.2309457227770071
31,183.0,003200,238080.0,2010,0.012643418590567031
32,184.0,003650,107685.6968,2010,0.005718730430356539
33,188.0,002900,126854.466,2010,0.006736702426582885
34,189.0,033530,244664.046,2010,0.012993069336524476
35,192.0,000500,101675.2407,2010,0.005399540610159432
36,197.0,014280,43412.31816,2010,0.0023054440124485667
37,201.0,009200,184329.2433,2010,0.009788943974816756
38,204.0,009380,42655.60761,2010,0.0022652583259753297
39,204.0,001460,100563.015,2010,0.005340475022574224
40,205.0,005720,168710.22,2010,0.008959483921230905
41,208.0,016710,138369.3474,2010,0.007348208918354283
42,209.0,005950,260706.1177,2010,0.013844995695576009
43,211.0,027740,46719.06358,2010,0.0024810512306840354
44,213.0,000800,160357.62715,2010,0.008515913156281613
45,215.0,004620,56709.0778,2010,0.003011578496767608
46,220.0,006390,50673.6,2010,0.0026910598802543577
47,220.0,011170,8570340.0,2010,0.45513439215171475
48,221.0,026940,53800.0,2010,0.0028570897184665082
49,224.0,000950,78204.0,2010,0.004153082608605108
0,37.0,015360,153000.0,2011,0.01809760236365814
1,40.0,012320,188179.2,2011,0.022258773429485606
2,57.0,003030,397200.0,2011,0.04698279515584976
3,64.0,008020,98926.9032,2011,0.011701567040403267
4,75.0,010100,76430.5542,2011,0.009040586786572689
5,78.0,021820,118000.0,2011,0.013957627966742879
6,81.0,007700,103180.0,2011,0.012204644522106187
7,84.0,003200,196800.0,2011,0.023278484608940664
8,107.0,034300,59600.0,2011,0.0070497849730328434
9,109.0,000950,49224.0,2011,0.0058224599918216225
10,109.0,003720,200260.0,2011,0.02368775064932143
11,111.0,027390,111600.0,2011,0.013200604077021231
12,111.0,000800,109169.57671,2011,0.012913121500042186
13,118.0,016090,69055.52275,2011,0.008168231318588551
14,123.0,009580,324938.96804,2011,0.03843540023559046
15,126.0,001340,103233.67285,2011,0.012210993214243602
16,128.0,011280,112227.4149,2011,0.013274817837656749
17,136.0,019300,65686.95,2011,0.007769779748898653
18,137.0,005950,335000.6072,2011,0.03962554105025903
19,138.0,044450,44053.172,2011,0.005210828690940121
20,141.0,006370,137434.4597,2011,0.016256432697482347
21,148.0,005430,97207.0985,2011,0.011498139971097708
22,149.0,009770,58240.0,2011,0.006888917396466993
23,150.0,018470,61108.8,2011,0.0072282533550347226
24,175.0,006980,86983.5,2011,0.01028884179868796
25,178.0,005420,229141.17135,2011,0.02710395950480493
26,179.0,003280,51550.09047,2011,0.006097601562984725
27,180.0,026870,290030.0,2011,0.03430619355249523
28,181.0,004890,139449.8625,2011,0.016494824582952955
29,181.0,084670,47868.6,2011,0.005662136526176509
30,184.0,030720,64640.1032,2011,0.007645953493198862
31,185.0,004910,42624.0,2011,0.005041779105546173
32,197.0,006660,63222.72292,2011,0.007478298691201932
33,201.0,006650,581750.0,2011,0.06881228872587009
34,203.0,049800,45900.0,2011,0.005429280709097441
35,220.0,008600,120192.28,2011,0.014216941768767718
36,223.0,033920,290959.4271,2011,0.034416130821003775
37,228.0,014280,51230.4202,2011,0.006059789370606011
38,238.0,017390,248750.0,2011,0.0294233894637906
39,240.0,005070,107007.9552,2011,0.01265743413697872
40,242.0,004970,196800.0,2011,0.023278484608940664
41,243.0,079660,95228.0,2011,0.01126404233912704
42,248.0,005800,84420.0,2011,0.009985618245359608
43,248.0,063160,84194.7729,2011,0.009958977261716994
44,250.0,007210,130264.0,2011,0.015408274995421986
45,258.0,003940,184529.6706,2011,0.021827088907291622
46,261.0,012690,103679.507925,2011,0.012263728808407795
47,268.0,014580,54200.7915,2011,0.006411139688644065
48,268.0,117930,1418750.0,2011,0.16781681930352932
49,272.0,004690,371034.7875,2011,0.043887843446139836
0,33.0,008020,120380.9304,2012,0.013590812152453854
1,37.0,016590,79537.7262,2012,0.00897968052103963
2,44.0,012320,263799.36,2012,0.029782520668219965
3,49.0,001620,80451.9586,2012,0.009082895878910688
4,53.0,006370,165570.6483,2012,0.018692658143845874
5,54.0,005010,171581.7016,2012,0.019371296329871123
6,62.0,017940,474712.0,2012,0.053594216268955455
7,88.0,019300,73624.95,2012,0.008312137660499486
8,91.0,067830,110810.4165,2012,0.012510316627247742
9,95.0,044450,99119.637,2012,0.01119044654838799
10,98.0,009770,85499.01675,2012,0.009652700573152869
11,100.0,017390,401000.0,2012,0.04527225080438484
12,101.0,015360,171900.0,2012,0.019407231703924575
13,114.0,002200,69000.0,2012,0.007789988293023826
14,119.0,001460,114929.16,2012,0.012975316100392206
15,120.0,000860,127725.0,2012,0.014419945720673451
16,123.0,010040,71220.21368,2012,0.008040646823099353
17,125.0,000800,84388.70352,2012,0.009527348007018238
18,132.0,004450,45241.959,2012,0.005107743927006724
19,133.0,000390,97440.0,2012,0.011000818250322342
20,134.0,004890,117622.9275,2012,0.013279438090089715
21,141.0,027390,117600.0,2012,0.013276849612458
22,152.0,015350,225500.0,2012,0.02545858492865033
23,157.0,129260,117483.9099,2012,0.013263743228111101
24,159.0,084670,55294.2,2012,0.006242625661914754
25,179.0,018470,70992.0,2012,0.008014881868091992
26,180.0,012280,48138.55932,2012,0.005434765413707725
27,181.0,002300,103602.4443,2012,0.011696548235154392
28,184.0,005800,87570.0,2012,0.00988651122927676
29,185.0,002600,46500.0,2012,0.005249774719211709
30,195.0,000070,547054.787,2012,0.061761599802502065
31,205.0,090350,91100.0,2012,0.010285042514412616
32,220.0,004690,504850.6125,2012,0.05699681682754939
33,220.0,015230,81500.0,2012,0.009201218056252779
34,222.0,083420,94300.0,2012,0.010646317333799228
35,223.0,002310,91229.066,2012,0.01029961385686229
36,224.0,000020,168706.0788,2012,0.019046643171216737
37,230.0,003240,1052163.0,2012,0.11878749930946127
38,232.0,006890,49996.0,2012,0.005644467459391582
39,235.0,006980,91309.5,2012,0.010308694725244334
40,236.0,034590,88000.0,2012,0.009935057533131836
41,240.0,037710,372000.0,2012,0.04199819775369367
42,242.0,004130,363159.56945,2012,0.04100012745674019
43,247.0,033270,136886.72816,2012,0.015454289997633838
44,247.0,002390,232580.0,2012,0.02625790546654321
45,247.0,025530,55778.51988,2012,0.006297304592281112
46,251.0,029530,635041.827,2012,0.0716951941726154
47,252.0,018500,45426.0,2012,0.005128521857955077
48,253.0,011280,135239.3454,2012,0.015268303151046457
49,253.0,077500,122964.48224,2012,0.01388249097257009
0,15.0,002200,88400.0,2013,0.009941315268881704
1,22.0,002460,74580.292,2013,0.008387174158566246
2,27.0,002310,196147.3938,2013,0.022058405892933175
3,28.0,016590,86180.832,2013,0.009691751369304627
4,36.0,006740,42069.0,2013,0.0047310089598029915
5,56.0,011280,153294.8601,2013,0.017239282051506953
6,69.0,008020,178485.5874,2013,0.02007218886080249
7,72.0,014280,81580.1952,2013,0.009174371495250112
8,77.0,003610,48661.2035,2013,0.005472357074170926
9,78.0,012320,341858.88,2013,0.038444874474511295
10,86.0,015360,225000.0,2013,0.025303121442289408
11,97.0,027390,183000.0,2013,0.020579872106395385
12,102.0,071320,995771.984,2013,0.11198284195547319
13,103.0,017390,590000.0,2013,0.0663504073375589
14,106.0,004890,120048.1425,2013,0.01350041212710562
15,112.0,003940,181061.165,2013,0.020361833984344
16,124.0,003650,125952.2528,2013,0.014164378437903717
17,126.0,019300,88905.6,2013,0.009998174194220468
18,130.0,003280,108009.62325,2013,0.012146580506803003
19,130.0,044450,143752.456,2013,0.01616615934131273
20,133.0,000390,235200.0,2013,0.026450196281006526
21,134.0,010660,58410.0,2013,0.00656869032641833
22,137.0,004150,492956.511,2013,0.05543705983822344
23,148.0,015350,420200.0,2013,0.04725498502244448
24,152.0,004450,53644.0371,2013,0.00603271815731546
25,156.0,009770,111498.7066,2013,0.012538956950035537
26,172.0,014530,85604.4261,2013,0.009626929731581284
27,176.0,002920,115855.5875,2013,0.013028924445690163
28,178.0,004690,514988.175,2013,0.057914703703857734
29,178.0,001460,117427.62,2013,0.013205712575728943
30,180.0,006060,67490.4,2013,0.007589856832838617
31,184.0,000500,79462.6277,2013,0.008936233416962357
32,188.0,010960,61500.0,2013,0.006916186527559104
33,193.0,014580,60131.158,2013,0.0067622488592866325
34,193.0,035510,131580.0,2013,0.014797265419450846
35,196.0,018670,646287.0085,2013,0.07268034961177523
36,197.0,000860,182325.0,2013,0.02050396274206852
37,214.0,002600,55440.0,2013,0.00623468912338011
38,221.0,024070,74002.656,2013,0.00832221418586652
39,221.0,009410,424784.0,2013,0.04777049394996206
40,223.0,063160,83671.824,2013,0.009409592550977178
41,228.0,011500,60828.09338,2013,0.00684062503954249
42,231.0,005800,88560.0,2013,0.00995930859968511
43,232.0,008260,52731.80675,2013,0.005930130266962606
44,233.0,015230,98000.0,2013,0.011020915117086054
45,236.0,034590,107200.0,2013,0.012055531638281887
46,237.0,014160,68962.54398,2013,0.007755411667978509
47,242.0,083420,93400.0,2013,0.010503606856488136
48,244.0,002300,133381.89085,2013,0.014999903032798845
49,260.0,001560,63900.0,2013,0.007186086489610192
0,20.0,002460,150032.14,2014,0.015808136807554694
1,20.0,001880,199613.9229,2014,0.021032321487221832
2,37.0,003640,108732.561,2014,0.011456606562592427
3,49.0,014280,292814.6292,2014,0.030852414140376847
4,81.0,006660,95890.5052,2014,0.01010350332100265
5,88.0,003300,1097843.0415,2014,0.11567423482231169
6,88.0,000500,101720.48415,2014,0.010717779067697752
7,119.0,067830,246245.37,2014,0.02594564402791911
8,121.0,002100,101300.4725,2014,0.010673524539141626
9,121.0,084670,91228.8,2014,0.009612322740907684
10,143.0,001460,163336.8225,2014,0.017209984712550773
11,145.0,058730,53826.75,2014,0.005671455648809945
12,154.0,008260,66234.5605,2014,0.006978804633275631
13,160.0,004450,75295.54605,2014,0.007933515398486846
14,162.0,044450,145491.397,2014,0.015329701409966237
15,163.0,002200,94000.0,2014,0.00990431023586107
16,171.0,000970,114002.5,2014,0.012011873698550548
17,171.0,002920,135445.95,2014,0.014271262861605603
18,171.0,071320,650725.4128,2014,0.06856368475244638
19,173.0,000860,313950.0,2014,0.033079342537750876
20,175.0,015360,216600.0,2014,0.022822059543484124
21,181.0,016880,101724.725025,2014,0.010718225907502769
22,182.0,012320,386812.8,2014,0.040756531642575325
23,184.0,011700,51913.8416,2014,0.005469902050444151
24,186.0,003030,476400.0,2014,0.05019588719536397
25,186.0,008020,211086.282,2014,0.022241106632579322
26,188.0,013870,121108.978,2014,0.01276064777085184
27,191.0,002310,215851.6982,2014,0.022743214722449515
28,191.0,014580,68130.257,2014,0.007178544699754736
29,193.0,163560,104535.0,2014,0.011014330537295072
30,202.0,015230,86700.0,2014,0.009135145717544198
31,203.0,023810,72900.0,2014,0.007681108682917786
32,210.0,004840,222250.0,2014,0.02341737180766088
33,210.0,008350,134418.4898,2014,0.01416300451505454
34,215.0,004560,254831.9059,2014,0.026850364404567603
35,215.0,009580,254150.9203,2014,0.0267786123551149
36,218.0,015020,94487.778,2014,0.009955704966054984
37,229.0,019440,208251.0,2014,0.021942367137535144
38,231.0,000480,460000.0,2014,0.04846790115421374
39,233.0,017940,474026.0,2014,0.04994575067940722
40,235.0,117580,165000.0,2014,0.01738522541401145
41,237.0,004890,159579.147,2014,0.016814057224064663
42,237.0,100840,108748.7942,2014,0.01145831697375116
43,240.0,032560,70000.0,2014,0.007375550175641222
44,242.0,011500,57857.0554,2014,0.006096108787393627
45,247.0,014530,83860.9551,2014,0.00883600974453208
46,249.0,003650,117079.9256,2014,0.012336126654616303
47,250.0,001080,73662.5,2014,0.007761449497331021
48,250.0,002600,60000.0,2014,0.006321900150549619
49,252.0,120030,81118.4895,2014,0.008547049849706794
0,33.0,028670,1935128.5083,2015,0.08585098763166399
1,39.0,016880,174460.4235,2015,0.007739847558377972
2,48.0,004090,65454.48,2015,0.00290385456511803
3,49.0,104120,65922.21988,2015,0.0029246056059302975
4,60.0,001520,659826.26002,2015,0.029272854926719046
5,61.0,002460,150654.68,2015,0.006683717910132292
6,65.0,016590,98278.6198,2015,0.0043600807577988425
7,84.0,009070,95100.0,2015,0.004219062914298985
8,92.0,002200,79800.0,2015,0.003540286230925962
9,104.0,084670,94676.4,2015,0.004200270116712265
10,105.0,005750,191445.6492,2015,0.008493388418965438
11,110.0,011280,224454.8298,2015,0.009957823852202636
12,133.0,003650,136564.252,2015,0.006058603270580242
13,136.0,004450,95654.4276,2015,0.004243659811521107
14,141.0,071320,666935.6544,2015,0.02958825957626461
15,144.0,006650,1118000.0,2015,0.04959949882425095
16,164.0,017940,421204.0,2015,0.018686500270813772
17,172.0,000850,121000.0,2015,0.005368103182231096
18,173.0,183190,326944.2528,2015,0.014504714742709486
19,174.0,001430,989794.4844,2015,0.043911726623656416
20,176.0,014130,144000.0,2015,0.006388486431746097
21,181.0,014530,114371.6976,2015,0.005074041932592831
22,182.0,003410,1224431.1504,2015,0.054321262437067114
23,184.0,044450,199398.568,2015,0.008846215598455566
24,184.0,014790,143023.40234,2015,0.006345160175494812
25,190.0,003940,406911.1445,2015,0.018052405038642538
26,195.0,002320,555624.0384,2015,0.024649976600488694
27,198.0,117580,164450.0,2015,0.007295740234032262
28,201.0,013870,89639.716,2015,0.003976820204247038
29,204.0,004020,6665616.96075,2015,0.295716691062278
30,204.0,004910,177920.0,2015,0.007893329902335178
31,211.0,011700,77546.30089,2015,0.00344030202130462
32,222.0,002310,154051.8344,2015,0.006834430929513865
33,222.0,083420,82400.0,2015,0.0036556339026102666
34,223.0,145990,635140.0665,2015,0.028177664563149747
35,228.0,032560,76020.0,2015,0.003372588462092627
36,229.0,008020,404240.2784,2015,0.017933913428636563
37,229.0,012280,75675.92499,2015,0.0033573237500586833
38,230.0,003300,796030.5215,2015,0.03531548740179528
39,231.0,001460,287010.5925,2015,0.012733078305233738
40,235.0,014160,121585.238325,2015,0.005394066981526931
41,237.0,000140,315612.004,2015,0.014001965314237466
42,247.0,058730,66891.7,2015,0.0029676160961557667
43,249.0,001880,236045.3613,2015,0.010472031860705939
44,250.0,090350,223000.0,2015,0.00989328107138458
45,253.0,018670,642135.521,2015,0.028488014328129935
46,256.0,000910,68769.181695,2015,0.0030509096123665946
47,258.0,104700,372544.5,2015,0.01652774641299746
48,260.0,018500,88468.50186,2015,0.003924859887288294
49,263.0,010690,220696.9912,2015,0.009791109262558249
0,37.0,069730,127008.0,2016,0.001378883431402394
1,37.0,017940,430122.0,2016,0.004669690879957645
2,50.0,071320,788512.4664,2016,0.008560616460169415
3,66.0,155660,148800.0,2016,0.0016154718962008395
4,66.0,084010,234390.44034,2016,0.002544698717119688
5,72.0,015760,28278517.59185,2016,0.30701041959579783
6,77.0,004100,84043.0,2016,0.0009124267780403707
7,82.0,013580,125925.7887,2016,0.0013671342248103176
8,90.0,003650,164572.9712,2016,0.0017867137758593424
9,96.0,023800,77923.05792,2016,0.0008459846111276227
10,98.0,058430,178200.0,2016,0.0019346578756921345
11,106.0,003030,555600.0,2016,0.006031963612427328
12,124.0,004020,7606409.745,2016,0.0825802498255087
13,126.0,019440,192825.0,2016,0.0020934366154901
14,129.0,011500,100546.18006,2016,0.0010915962913795648
15,130.0,100220,206648.1819,2016,0.002243510284008394
16,139.0,103140,1134983.259,2016,0.01232213412347405
17,143.0,075580,119758.5,2016,0.001300178031459464
18,151.0,104700,341230.5,2016,0.003704625556966133
19,154.0,004430,410400.0,2016,0.004455575713715219
20,158.0,013870,94407.786,2016,0.0010249537974834884
21,160.0,058730,94986.6,2016,0.0010312377877397224
22,160.0,001080,80095.0,2016,0.0008695646607943968
23,168.0,010960,87500.0,2016,0.0009499582722955205
24,170.0,010100,82825.1424,2016,0.000899204904879251
25,172.0,010690,225585.8486,2016,0.0024491102056042845
26,174.0,044450,187573.7692,2016,0.002036425756767894
27,181.0,006650,1790750.0,2016,0.019441574584150897
28,181.0,015350,392150.0,2016,0.004257441559779296
29,188.0,000850,110880.0,2016,0.0012037871226528837
30,192.0,004960,161646.6345,2016,0.0017549435157943483
31,202.0,013520,216602.85955,2016,0.002351584894084426
32,205.0,030200,7676687.1552,2016,0.08334322819322293
33,207.0,004130,265425.4077,2016,0.0028816349911088704
34,209.0,005490,22450610.0125,2016,0.24373877370805733
35,209.0,003960,107886.4075,2016,0.0011712866888328056
36,214.0,015230,97000.0,2016,0.0010530965990018914
37,215.0,009770,111998.7008,2016,0.0012159324835578395
38,220.0,009070,99450.0,2016,0.001079695430626166
39,220.0,005430,135203.3585,2016,0.0014678577011338501
40,227.0,014580,79715.159,2016,0.000865440853936031
41,235.0,001430,916277.14045,2016,0.009947714848980138
42,239.0,161000,403704.0,2016,0.004382879478386181
43,240.0,011790,1238640.315,2016,0.013447504155805479
44,251.0,008260,89118.17475,2016,0.000967526255035889
45,252.0,210980,475495.5,2016,0.005162295813306225
46,256.0,011170,12647629.611,2016,0.13731108998741973
47,260.0,025000,287496.0,2016,0.003121248039449977
48,263.0,004450,97162.4929,2016,0.0010548607301395403
49,268.0,084670,98389.2,2016,0.0010681786793661535
0,38.0,013580,154504.6911,2017,0.0017942581806753572
1,59.0,071320,845248.312,2017,0.00981584240394651
2,68.0,013870,158872.0924,2017,0.0018449766763729755
3,82.0,004560,176422.0887,2017,0.002048784238511762
4,90.0,014530,118556.028,2017,0.0013767874722308462
5,97.0,002460,188629.62,2017,0.0021905499204786538
6,99.0,005430,167183.544,2017,0.001941497305749434
7,108.0,009770,103873.79505,2017,0.001206283156837158
8,114.0,019440,172257.0,2017,0.0020004151927565327
9,114.0,004690,458217.825,2017,0.005321269374956339
10,115.0,004020,7819923.001,2017,0.09081252301727452
11,128.0,002170,123450.0,2017,0.0014336210171185726
12,140.0,049800,86000.0,2017,0.0009987153298679403
13,146.0,004960,244708.5878,2017,0.0028417932323976146
14,147.0,010960,114250.0,2017,0.0013267817027606068
15,154.0,009200,101734.76295,2017,0.0011814426434726276
16,157.0,003650,149263.8576,2017,0.001733396543957503
17,157.0,210540,209792.452,2017,0.002436313231430047
18,160.0,015760,24490929.53755,2017,0.28441240432403175
19,162.0,015360,227400.0,2017,0.0026407891396740654
20,164.0,183190,362538.99,2017,0.004210154034742324
21,165.0,005950,232989.5,2017,0.0027056998296310056
22,171.0,017940,390334.0,2017,0.004532936622891543
23,178.0,058430,171000.0,2017,0.001985817690783928
24,184.0,010690,149983.16095,2017,0.0017417497914280888
25,184.0,104700,347677.5,2017,0.004037568012792567
26,191.0,001790,216580.049,2017,0.002515137384649415
27,193.0,084010,233404.57098,2017,0.002710520036034602
28,193.0,067830,201921.2034,2017,0.002344904665825145
29,198.0,009070,76800.0,2017,0.0008918760155099746
30,202.0,161000,562302.0,2017,0.0065299956676209605
31,203.0,005490,28989622.6375,2017,0.33665558761811537
32,205.0,032560,126000.0,2017,0.0014632340879460522
33,205.0,001230,1049760.107,2017,0.012190831529589644
34,207.0,000050,381072.253,2017,0.004425380242539701
35,213.0,000320,213987.5311,2017,0.002485030554769333
36,213.0,013520,169150.3702,2017,0.0019643379973439215
37,214.0,025000,338316.0,2017,0.003928853203948862
38,215.0,014830,413822.19165,2017,0.004805704263260509
39,218.0,009160,120120.74025,2017,0.0013949584270088365
40,223.0,084670,87091.2,2017,0.001011387401588311
41,228.0,117580,165825.0,2017,0.0019257205764575721
42,229.0,028100,134550.0,2017,0.0015625249724852486
43,242.0,103140,1331153.205,2017,0.015458640839957455
44,245.0,058730,101178.0,2017,0.0011749769726206798
45,246.0,002310,163008.3364,2017,0.0018930107495226767
46,247.0,071840,1626571.3568,2017,0.01888932266465413
47,259.0,004490,500500.0,2017,0.005812290960452373
48,259.0,030200,7898632.192,2017,0.09172657040859085
49,263.0,010060,3243514.456,2017,0.03766683267273806
0,45.0,015360,239700.0,2018,0.003317319432558029
1,67.0,005430,135203.3585,2018,0.001871141962866749
2,74.0,009580,377952.04344,2018,0.005230653559776922
3,74.0,272450,577500.0,2018,0.00799229024740201
4,106.0,183190,403216.2315,2018,0.005580296371621889
5,106.0,002170,128100.0,2018,0.0017728352912419001
6,112.0,008040,167256.351,2018,0.002314738186862939
7,130.0,004560,134201.4179,2018,0.00185727564237176
8,132.0,071320,659988.408,2018,0.009133885569968447
9,133.0,004020,6038421.77125,2018,0.08356851849707592
10,145.0,004090,88124.4,2018,0.0012195944288799195
11,146.0,016590,238966.0726,2018,0.0033071622709973
12,154.0,003490,3134615.1537,2018,0.04338139241952391
13,156.0,067830,140975.474325,2018,0.0019510249499057484
14,160.0,004980,285700.9358,2018,0.0039539477105938825
15,163.0,004490,503300.0,2018,0.00696540204591763
16,164.0,016740,77410.7048,2018,0.0010713226337966337
17,167.0,084010,137775.24306,2018,0.0019067354657002242
18,174.0,003410,3169276.85255,2018,0.04386109174017714
19,177.0,117580,148500.0,2018,0.002055160349331945
20,184.0,090350,164600.0,2018,0.002277975713804971
21,186.0,011760,371733.9446,2018,0.0051445984070214
22,189.0,009460,177212.43342,2018,0.002452525027430379
23,192.0,034220,6458573.385,2018,0.08938319147543841
24,194.0,004890,140904.9915,2018,0.00195004950541249
25,194.0,213500,395089.5616,2018,0.0054678276190926675
26,195.0,008350,311806.8247,2018,0.00431523921060294
27,196.0,009070,86250.0,2018,0.001193653738248352
28,199.0,006660,73949.4574,2018,0.0010234208262834465
29,202.0,010960,126000.0,2018,0.0017437724176149838
30,204.0,071840,1101299.7648,2018,0.015241398042731025
31,212.0,001880,218588.6304,2018,0.0030251494007599695
32,216.0,004970,206400.0,2018,0.002856465293616926
33,216.0,005490,21186400.905,2018,0.2932084248148582
34,217.0,006090,91683.25047,2018,0.0012688470105307302
35,228.0,126560,458278.97976,2018,0.006342335273636694
36,228.0,014440,74600.0,2018,0.0010324239869371253
37,229.0,037710,288000.0,2018,0.003985765525977106
38,232.0,015350,410300.0,2018,0.005678331928154189
39,232.0,044450,150244.5024,2018,0.0020793033268524464
40,234.0,014790,167551.00002,2018,0.0023188159712593938
41,249.0,017390,427000.0,2018,0.005909450970806334
42,254.0,023000,113600.0,2018,0.0015721630685798585
43,255.0,004690,369007.275,2018,0.005106862762256089
44,259.0,041650,90609.519,2018,0.0012539871429012763
45,260.0,034590,129055.243,2018,0.0017860553419999938
46,260.0,200880,120276.54465,2018,0.0016645628654500559
47,261.0,015760,21249010.9487,2018,0.2940749142376338
48,262.0,079660,72674.0,2018,0.0010057691799821534
49,263.0,000430,240250.0,2018,0.0033249311375555543
0,21.0,009160,192689.92462,2019,0.0019405320433978418
1,24.0,298690,306692.3,2019,0.003088621456399757
2,41.0,002200,79200.0,2019,0.0007976033938473864
3,56.0,002460,145051.82,2019,0.0014607806049967199
4,58.0,002170,179700.0,2019,0.0018097137610400926
5,59.0,017940,331338.0,2019,0.003336822137760168
6,78.0,001880,301318.3551,2019,0.0030345018012155546
7,80.0,004490,522200.0,2019,0.005258945609433146
8,84.0,034300,105200.0,2019,0.001059442891827589
9,95.0,002310,268695.06,2019,0.002705960754621555
10,95.0,005960,186380.376,2019,0.0018769901571231307
11,97.0,013580,180850.86675,2019,0.0018213038522732505
12,106.0,267290,125277.3775,2019,0.0012616371397260128
13,137.0,000210,3149400.0,2019,0.03171681980534039
14,142.0,002320,359239.68,2019,0.00361781297945264
15,153.0,042660,2985680.1932,2019,0.030068038573727782
16,155.0,069960,1944742.8471,2019,0.019585018876355918
17,158.0,005010,76064.24664,2019,0.0007660240059407659
18,161.0,214330,137476.1052,2019,0.0013844874757631353
19,163.0,037710,262400.0,2019,0.0026425647796155835
20,169.0,015350,392700.0,2019,0.003954783494493291
21,171.0,117580,144100.0,2019,0.0014511950638056615
22,172.0,016090,110484.36345,2019,0.0011126603946311634
23,187.0,095720,407215.80768,2019,0.004100968563558998
24,202.0,008060,815172.8574,2019,0.008209401990334741
25,204.0,016590,239772.029,2019,0.0024146841424251765
26,210.0,019440,115266.5,2019,0.0011608200959205778
27,211.0,044450,179226.8524,2019,0.001804948809884149
28,215.0,004690,342649.6125,2019,0.003450738558465806
29,215.0,041650,75364.7895,2019,0.0007589799480024479
30,215.0,002350,891707.71701,2019,0.008980165421806576
31,215.0,100250,145886.71212,2019,0.0014691885947493517
32,216.0,006360,2487036.8142,2019,0.0250463258034004
33,219.0,075180,96960.0,2019,0.0009764599124677094
34,225.0,213500,343918.3232,2019,0.003463515426649272
35,226.0,104700,217816.5,2019,0.0021935755004540308
36,228.0,003240,1180204.0,2019,0.011885539341316425
37,229.0,004960,171246.3896,2019,0.0017245795647610072
38,229.0,009580,263506.1689,2019,0.002653704729979326
39,230.0,001130,249275.0,2019,0.0025103861868851925
40,235.0,001340,110499.28122,2019,0.001112810627762232
41,242.0,003570,219800.32717,2019,0.0022135541277721956
42,246.0,163560,73558.5,2019,0.0007407892581606436
43,254.0,030200,7050018.816,2019,0.0709989764435547
44,255.0,152330,323000.0,2019,0.003252852224907902
45,259.0,006650,763750.0,2019,0.007691535253168452
46,260.0,010780,1017911.3677,2019,0.010251130827188823
47,268.0,000660,68505022.5465,2019,0.6898969504883854
48,269.0,000480,355200.0,2019,0.0035771303724064603
49,271.0,282690,169602.73525,2019,0.0017080267328434312
0,43.0,002200,88400.0,2020,0.0046031992446920085
1,44.0,010100,111753.0414,2020,0.005819247915888176
2,46.0,005960,307612.4252,2020,0.01601811406491535
3,65.0,015230,99145.6381,2020,0.005162750298828362
4,78.0,306200,256685.15,2020,0.013366209147100168
5,84.0,010690,118205.58785,2020,0.006155247428840439
6,87.0,003960,149380.8121,2020,0.0077786158532827925
7,99.0,004690,330079.035,2020,0.017188004124441932
8,100.0,037710,244800.0,2020,0.012747320985300946
9,100.0,003070,486561.4534,2020,0.02533641758808966
10,104.0,004560,148827.86457,2020,0.007749822554046929
11,109.0,002170,188100.0,2020,0.009794816492381977
12,114.0,006090,92719.75176,2020,0.004828139041512019
13,121.0,013520,156386.641875,2020,0.008143426151119
14,123.0,011500,139169.6738,2020,0.00724689748099766
15,126.0,034300,107400.0,2020,0.005592574647962915
16,132.0,044450,239973.858,2020,0.012496012238590806
17,135.0,067830,120865.435775,2020,0.006293752066389711
18,140.0,001880,673727.8262,2020,0.035082617881129284
19,149.0,005430,119213.26575,2020,0.006207719625086739
20,155.0,002870,122355.45,2020,0.006371340667691751
21,164.0,089470,211178.0,2020,0.010996543100628609
22,166.0,018670,964560.498,2020,0.05022697008883877
23,173.0,058860,89615.15,2020,0.004666475008970147
24,185.0,117580,146575.0,2020,0.007632510512338588
25,187.0,002350,604564.15863,2020,0.03148110043408909
26,192.0,267290,109654.5516,2020,0.005709974537354761
27,193.0,272210,1906985.7297,2020,0.09930130396598957
28,193.0,025000,265716.0,2020,0.013836467087133278
29,194.0,090350,198200.0,2020,0.010320747627804933
30,195.0,010960,106875.0,2020,0.005565236643398851
31,205.0,161000,286437.6,2020,0.014915490316418456
32,206.0,006650,1495000.0,2020,0.07784822252052662
33,212.0,282690,135682.1882,2020,0.007065295771950215
34,214.0,093050,429828.0,2020,0.02238217109669091
35,215.0,155660,100000.0,2020,0.00520723896458372
36,220.0,000050,339949.348,2020,0.017701974908904308
37,222.0,006360,3030762.8736,2020,0.15781906527823644
38,222.0,006110,127050.0,2020,0.006615797104503616
39,227.0,002310,333629.6995,2020,0.017372895709787575
40,231.0,075180,118656.0,2020,0.006178701465816458
41,235.0,007690,313773.264,2020,0.016338923663454144
42,237.0,029460,374769.3166,2020,0.019515133881299326
43,237.0,015350,561000.0,2020,0.029212610591314667
44,239.0,069960,1670934.2874,2020,0.08700954128608213
45,243.0,163560,134589.0,2020,0.007008370850043583
46,248.0,001340,148904.519205,2020,0.007753814144068808
47,248.0,003830,135456.0,2020,0.007053517611866524
48,249.0,058650,306000.0,2020,0.015934151231626184
49,249.0,084010,256326.0336,2020,0.013347509097991157
0,12.0,004960,181660.0214,2021,0.002727716513617003
1,37.0,013580,291147.5682,2021,0.004371727051214432
2,50.0,002460,156880.08,2021,0.0023556332404657335
3,68.0,004560,248046.44095,2021,0.0037245419653090485
4,80.0,300720,1454492.34,2021,0.021839933432637133
5,87.0,306200,271150.28,2021,0.004071457719358577
6,88.0,001880,598746.6606,2021,0.00899048200591952
7,93.0,016880,136675.3068,2021,0.002052248417064374
8,95.0,003960,231402.79175,2021,0.003474629208391976
9,96.0,015760,14187406.1017,2021,0.21303103242394378
10,107.0,002380,2799238.365,2021,0.04203197079311123
11,131.0,213500,321307.776,2021,0.004824597728186511
12,136.0,025000,259424.0,2021,0.0038953817321777406
13,145.0,011760,222246.6288,2021,0.0033371448203158047
14,145.0,002270,416519.4475,2021,0.006254248823887788
15,148.0,002170,174000.0,2021,0.0026126974427922124
16,153.0,079980,296355.0,2021,0.004449919256659115
17,157.0,018670,1176856.11,2021,0.01767108591454822
18,160.0,037710,289600.0,2021,0.004348489536969107
19,165.0,003650,137434.088,2021,0.002063641898103907
20,175.0,002200,102000.0,2021,0.0015315812595678485
21,176.0,093050,504390.0,2021,0.007573669328563011
22,176.0,004690,368196.27,2021,0.005528652029164546
23,179.0,003240,1161276.2,2021,0.017437145736295734
24,181.0,034300,138800.0,2021,0.0020841517532158567
25,188.0,139480,4209248.669,2021,0.06320398410099323
26,189.0,120110,1951103.5519,2021,0.029296800348689266
27,189.0,030200,7990021.3248,2021,0.11997418553540347
28,193.0,071320,448676.33,2021,0.006737100574898821
29,193.0,053210,437092.76924,2021,0.006563167588829394
30,195.0,003070,569755.8988,2021,0.008555171148336427
31,204.0,075180,105216.0,2021,0.0015798711157518702
32,205.0,006360,3389027.004,2021,0.05088794360289973
33,212.0,002310,471112.0052,2021,0.0070739835129583414
34,213.0,352820,14432332.063,2021,0.2167087188191273
35,216.0,058650,418000.0,2021,0.006276480063719223
36,221.0,004540,152500.637835,2021,0.002289873715492447
37,221.0,001790,270883.6716,2021,0.004067454460249916
38,239.0,005850,1503942.2424,2021,0.022582448567963594
39,243.0,100840,139249.48905,2021,0.0020909010571899837
40,243.0,264900,114968.943,2021,0.001726316456187492
41,250.0,103590,189480.7929,2021,0.002845149327977418
42,255.0,136490,273465.446,2021,0.004106221100323171
43,258.0,161000,527838.49265,2021,0.007925760229620408
44,260.0,004250,385560.0,2021,0.005789377161166467
45,265.0,017390,837500.0,2021,0.01257548338125562
46,265.0,077970,220885.4784,2021,0.0033167064630207723
47,266.0,058430,330000.0,2021,0.004955115839778333
48,271.0,298000,968203.241,2021,0.014538058229102483
49,274.0,006660,136522.0752,2021,0.0020499475675846324
0,49.0,013580,162542.5074,2022,0.0020673983372935696
1,60.0,267290,149153.7718,2022,0.0018971053464897176
2,69.0,002460,106575.0,2022,0.0013555406602338545
3,70.0,003240,830596.4,2022,0.01056445876090887
4,78.0,058860,84046.83,2022,0.0010690020682970916
5,79.0,004020,4083441.021,2022,0.05193779345655496
6,83.0,009410,156763.36494,2022,0.0019938927066502302
7,89.0,093050,464916.0,2022,0.005913324340542179
8,90.0,200880,212443.51482,2022,0.0027020954477269855
9,98.0,037710,256000.0,2022,0.0032560957918824
10,100.0,002990,258675.165,2022,0.0032901215477382246
11,102.0,004690,1585514.775,2022,0.020166359323612774
12,122.0,010100,82216.134,2022,0.0010457172185243731
13,127.0,017940,311787.0,2022,0.003965657572904836
14,138.0,007340,640615.7205,2022,0.008148070905210006
15,141.0,016090,96978.2589,2022,0.0012334785183920776
16,144.0,060980,322016.1525,2022,0.004095763433880513
17,148.0,029530,326088.93815,2022,0.004147565700350059
18,158.0,005490,23383945.095,2022,0.2974233016462445
19,160.0,002200,115000.0,2022,0.0014626992815096717
20,163.0,030200,8825579.1104,2022,0.11225363672772913
21,168.0,032560,118490.0,2022,0.0015070890249224435
22,173.0,003650,126822.0888,2022,0.0016130658971070938
23,173.0,002320,314647.5694,2022,0.004002041510349083
24,181.0,007070,2947809.5043,2022,0.037493555164930366
25,182.0,003960,248815.27905,2022,0.0031647124338701174
26,186.0,084010,267417.0639,2022,0.0034013108454778785
27,192.0,183190,360751.9134,2022,0.004588448387247125
28,202.0,044450,213544.39,2022,0.002716097615855836
29,204.0,344820,590110.4184,2022,0.007505687695696102
30,207.0,023530,2574276.705,2022,0.03274254510270074
31,208.0,069960,1380744.019,2022,0.01756185464817458
32,211.0,002600,121500.0,2022,0.0015453735887254359
33,222.0,104700,258520.5,2022,0.003288154344395836
34,226.0,306200,367300.85,2022,0.00467174512515558
35,227.0,001430,584552.5397,2022,0.007434996346294295
36,229.0,011200,9560722.1468,2022,0.12160401230293885
37,230.0,139480,2731830.262,2022,0.034746488360293724
38,233.0,213500,315357.632,2022,0.004011072884739056
39,234.0,003070,472695.7125,2022,0.006012275469969151
40,243.0,008260,127985.523575,2022,0.0016278637684938406
41,251.0,003610,202261.3502,2022,0.0025725872314323137
42,256.0,071320,329994.204,2022,0.0041972372616796184
43,256.0,032640,4824555.53905,2022,0.06136412104845167
44,259.0,028670,3063083.30376,2022,0.03895973693577412
45,263.0,005880,694210.9755,2022,0.008829755609391116
46,263.0,053210,389270.80324,2022,0.004951183688798616
47,267.0,294870,659073.3,2022,0.008382835151062681
48,269.0,000970,154587.39,2022,0.001966216211160482
49,270.0,004170,2165939.82,2022,0.027548857552236416
0,24.0,004960,83540.46844,2023,0.002066655409888052
1,54.0,200880,518405.42166,2023,0.012824507561367174
2,65.0,004020,4870771.1525,2023,0.12049496179053013
3,73.0,006040,1547872.7445,2023,0.03829185592293755
4,74.0,007980,110599.7418,2023,0.0027360578530554354
5,81.0,306200,390274.88,2023,0.009654766212792982
6,84.0,015230,174290.603,2023,0.004311666241628759
7,84.0,011760,249762.87808,2023,0.006178727661121096
8,98.0,009410,90051.41187,2023,0.0022277255680324104
9,111.0,013580,129051.60615,2023,0.0031925269870397167
10,117.0,003070,218672.83515,2023,0.005409610530049665
11,120.0,010100,281970.8892,2023,0.006975501508166124
12,127.0,002200,118600.0,2023,0.002933971238008574
13,137.0,267290,114665.6467,2023,0.0028366417319178137
14,142.0,016090,89007.4431,2023,0.0022018994774374765
15,146.0,011200,13491393.33168,2023,0.3337551433036238
16,147.0,001120,1139544.0,2023,0.028190466445575397
17,148.0,139480,2135287.7354,2023,0.05282354806522818
18,151.0,017940,427378.0,2023,0.010572637097450491
19,162.0,044450,213544.39,2023,0.0052827411323616
20,164.0,008260,171600.702,2023,0.004245122462816866
21,170.0,005720,223010.664205,2023,0.005516921370545179
22,171.0,007690,368984.7252,2023,0.009128082386182946
23,181.0,025000,210540.0,2023,0.005208417406832421
24,181.0,000070,590934.699,2023,0.014618764000061164
25,183.0,018670,1366076.112,2023,0.03379450271111787
26,185.0,058860,104928.03,2023,0.002595748921424121
27,189.0,001230,279208.24074,2023,0.006907158075431144
28,190.0,028670,1996617.12732,2023,0.04939306260431857
29,193.0,029460,249529.95004,2023,0.006172965399992212
30,200.0,016880,101027.82912,2023,0.0024992642906958265
31,207.0,104700,279321.0,2023,0.006909947556254577
32,207.0,069960,1212246.4438,2023,0.02998900674104028
33,208.0,017370,161896.23736,2023,0.004005049780405136
34,214.0,002310,369455.7075,2023,0.00913973372279181
35,220.0,210540,136144.25964,2023,0.0033679877066081915
36,226.0,000500,134809.2312,2023,0.003334961272840203
37,228.0,035510,208292.0,2023,0.0051528055405335735
38,230.0,282690,164521.5197,2023,0.004069994998594106
39,234.0,005800,84960.0,2023,0.002101772313500914
40,241.0,103140,1098551.6976,2023,0.027176383509476328
41,245.0,004000,1496400.0,2023,0.037018503883271756
42,246.0,012630,411620.45769,2023,0.010182821111622133
43,247.0,067830,98292.943525,2023,0.0024316076661176312
44,247.0,005880,687827.4263,2023,0.01701573259256039
45,249.0,183190,408670.3641,2023,0.010109840591027755
46,251.0,016380,890079.1833,2023,0.022019112338552794
47,253.0,003650,124734.4824,2023,0.0030857283621373243
48,255.0,016740,116725.3804,2023,0.002887596195946119
49,257.0,053210,281335.8936,2023,0.0069597927490880306
